slug,target_money_page,current_primary_phrase,proposed_primary_phrase,meta_length,phrase_meta_overlap,needs_primary_phrase,needs_primary_repair,needs_meta_review
"does-credit-score-affect-car-insurance","/best/best-credit-monitoring-services/","does credit score affect car insurance","Does Your Credit Score Affect Car Insurance? (Yes — Here's How Much)",147,0.63,false,false,false
"are-small-business-loans-worth-it","/best/best-small-business-loans/","are small business loans worth it","Are Small Business Loans Worth It? (SBA, MCAs, and the Real Math)",139,0.5,false,false,false
"can-i-do-debt-consolidation-myself","/best/best-debt-consolidation-loans/","can i do debt consolidation myself","Can I Do Debt Consolidation Myself? (And When You Shouldn't)",153,0.6,false,false,false
"can-i-get-a-car-loan-with-my-credit-score","/best/best-personal-loan-lenders/","can i get a car loan with my credit score","Can I Get a Car Loan With My Credit Score? (500 to 700+ Tiers Explained)",147,0.63,false,false,false
"personal-loans-bad-credit-how-to-qualify","/best/best-personal-loans-bad-credit/","personal loans for bad credit 2026","Personal Loans for Bad Credit: How to Actually Get Approved (and What It Costs)",159,0.43,false,false,false
"how-credit-card-interest-works","/best/best-secured-credit-cards/","how credit card interest works","How Credit Card Interest Works (And Why Your Statement Balance Keeps Growing)",159,0.33,false,false,false
"sofi-personal-loans-review","/best/best-personal-loan-lenders/","sofi personal loans review","SoFi Personal Loans Review: Rates, Requirements, and What to Know Before You Apply",150,0.67,false,false,false
"how-to-build-credit-score-fast","/best/best-credit-builder-loans/","how to build credit score fast","How to Build Your Credit Score Fast (Realistic Timelines + Steps That Actually Work)",153,0.6,false,false,false
"build-credit-with-no-credit-history","/best/best-credit-builder-loans/","how to build credit with no credit history","How to Build Credit With No Credit History (Step-by-Step)",150,0.5,false,false,false
"build-credit-with-no-history","/best/best-credit-builder-loans/","how to build credit with no history","How to Build Credit With No History (Step-by-Step for Beginners)",157,0.4,false,false,false
"personal-loan-interest-rates-explained","/best/best-personal-loan-lenders/","personal loan interest rates explained","Personal Loan Interest Rates: What They Are, Where They're Headed, and How to Get the Lowest One",154,0.33,false,false,false
"how-to-get-a-personal-loan","/best/best-personal-loan-lenders/","how to get a personal loan","How to Get a Personal Loan (Even With Fair or No Credit)",158,0.8,false,false,false
"small-business-loans-guide","/best/best-small-business-loans/","how to obtain small business loan","Small Business Loans: Are They Worth It? (What to Know Before You Borrow)",160,0.38,false,false,false
"small-business-loans-sba-merchant-cash-advances","/best/best-small-business-loans/","what are sba loans","Small Business Loans, SBA Loans, and Merchant Cash Advances (What You Actually Need to Know)",154,0.7,false,false,false
"can-you-do-debt-consolidation-yourself-guide","/best/best-debt-consolidation-loans/","Can You Do Debt Consolidation Yourself? (Yes — Here's Exactly How)","Can You Do Debt Consolidation Yourself? (Yes — Here's Exactly How)",156,0.5,false,false,false
"how-much-can-you-borrow-with-your-credit-score","/best/best-personal-loan-lenders/","How Much Can You Borrow With Your Credit Score (Auto Loans, Personal Loans, and Real Numbers)","How Much Can You Borrow With Your Credit Score (Auto Loans, Personal Loans, and Real Numbers)",149,0.56,false,false,false
"how-to-find-best-personal-loan-lenders","/best/best-personal-loan-lenders/","How to Find the Best Personal Loan Lenders (Step-by-Step for 2026)","How to Find the Best Personal Loan Lenders (Step-by-Step for 2026)",156,0.57,false,false,false
"easy-approval-credit-cards","/best/best-no-credit-check-cards/","Easy Approval Credit Cards (Even With a 500 Score or No Credit History)","Easy Approval Credit Cards (Even With a 500 Score or No Credit History)",157,0.75,false,false,false
"best-personal-loans-bad-credit-guide","/best/best-personal-loans-bad-credit/","Best Personal Loans for Bad Credit: How to Compare, Apply, and Actually Get Approved","Best Personal Loans for Bad Credit: How to Compare, Apply, and Actually Get Approved",154,0.56,false,false,false
"top-secured-credit-cards","/best/best-secured-credit-cards/","Top Secured Credit Cards: How They Work and Who They're For","Top Secured Credit Cards: How They Work and Who They're For",157,0.86,false,false,false
"no-credit-check-cards-guide","/best/best-no-credit-check-cards/","No Credit Check Credit Cards: How They Work (and How to Actually Get Approved)","No Credit Check Credit Cards: How They Work (and How to Actually Get Approved)",158,0.57,false,false,false
"should-i-get-a-secured-credit-card-to-build-credit","/best/best-secured-credit-cards/","Should You Get a Secured Credit Card to Build Credit? (What Actually Works)","Should You Get a Secured Credit Card to Build Credit? (What Actually Works)",150,0.57,false,false,false
"how-to-apply-for-secured-credit-cards","/best/best-secured-credit-cards/","How to Apply for Secured Credit Cards (Even After Denial or Bankruptcy)","How to Apply for Secured Credit Cards (Even After Denial or Bankruptcy)",155,0.63,false,false,false
"business-loan-rates-fees-explained","/best/best-small-business-loans/","Business Loan Rates and Fees Explained (What's Tax Deductible and What's Not)","Business Loan Rates and Fees Explained (What's Tax Deductible and What's Not)",153,0.75,false,false,false
"how-to-apply-for-a-business-loan","/best/best-small-business-loans/","How to Apply for a Business Loan (Step-by-Step, Including LLCs and Online Applications)","How to Apply for a Business Loan (Step-by-Step, Including LLCs and Online Applications)",154,0.63,false,false,false
"best-debt-consolidation-loans-bad-credit","/best/best-debt-consolidation-loans/","Best Debt Consolidation Loans for Bad Credit (What Actually Works in 2026)","Best Debt Consolidation Loans for Bad Credit (What Actually Works in 2026)",155,0.44,false,false,false
"how-to-get-an-sba-loan","/best/best-sba-loans/","How to Get an SBA Loan: Personal Guarantees, Fixed Rates, and What Each Program Really Requires","How to Get an SBA Loan: Personal Guarantees, Fixed Rates, and What Each Program Really Requires",157,0.4,false,false,false
"business-line-of-credit-guide-new-llc-bad-credit","/best/best-business-lines-of-credit/","Business Line of Credit Guide: New LLCs, Bad Credit, and What Lenders Actually Require","Business Line of Credit Guide: New LLCs, Bad Credit, and What Lenders Actually Require",149,0.5,false,false,false
"debt-consolidation-vs-personal-loan","/best/best-debt-consolidation-loans/","Debt Consolidation Loan vs Personal Loan (What Actually Saves You Money)","Debt Consolidation Loan vs Personal Loan (What Actually Saves You Money)",156,0.57,false,false,false
"startup-business-loans-new-business-financing","/best/best-startup-business-loans/","Startup Business Loans (What New Businesses Can Actually Get Approved For)","Startup Business Loans (What New Businesses Can Actually Get Approved For)",156,0.71,false,false,false
"how-to-check-credit-score-free","/best/best-credit-monitoring-services/","How to Check Your Credit Score for Free (Without Hurting It)","How to Check Your Credit Score for Free (Without Hurting It)",158,0.83,false,false,false
"how-credit-scores-are-calculated","/best/best-credit-monitoring-services/","How Credit Scores Are Calculated (The 5 Factors, Weighted and Explained)","How Credit Scores Are Calculated (The 5 Factors, Weighted and Explained)",159,0.5,false,false,false
"secured-credit-cards-questions-answered","/best/best-secured-credit-cards/","Secured Credit Cards: Every Question You Actually Have (Answered Straight)","Secured Credit Cards: Every Question You Actually Have (Answered Straight)",155,0.33,false,false,false
"how-to-increase-credit-limit","/best/best-credit-monitoring-services/","How to Increase Your Credit Limit (Without Hurting Your Score)","How to Increase Your Credit Limit (Without Hurting Your Score)",159,0.5,false,false,false
"merchant-cash-advance-guide","/best/best-merchant-cash-advance/","Merchant Cash Advances: What They Really Cost, How They Work, and When to Walk Away","Merchant Cash Advances: What They Really Cost, How They Work, and When to Walk Away",158,0.7,false,false,false
"equipment-financing-explained","/best/best-equipment-financing/","Equipment Financing Explained (Leasing, Renting, and Buying for Your Business)","Equipment Financing Explained (Leasing, Renting, and Buying for Your Business)",158,0.29,false,false,false
"invoice-factoring-companies-guide","/best/best-invoice-factoring/","Invoice Factoring Companies: How They Work (And What to Watch Out For)","Invoice Factoring Companies: How They Work (And What to Watch Out For)",157,0.57,false,false,false
"how-to-pay-off-debt-fast","/best/best-debt-consolidation-loans/","How to Pay Off Debt Fast (Every Method Compared With Real Numbers)","How to Pay Off Debt Fast (Every Method Compared With Real Numbers)",159,0.44,false,false,false
"debt-to-income-ratio-explained","/best/best-personal-loan-lenders/","Debt to Income Ratio Explained (What Lenders Actually Look At)","Debt to Income Ratio Explained (What Lenders Actually Look At)",143,0.57,false,false,false
"how-to-remove-charge-offs","/best/best-credit-repair-companies/","How to Remove Charge-Offs From Your Credit Report (What Actually Works)","How to Remove Charge-Offs From Your Credit Report (What Actually Works)",156,0.86,false,false,false
"can-you-get-a-business-loan-with-bad-credit","/best/best-bad-credit-business-loans/","Can You Get a Business Loan With Bad Credit? (Yes — Here's How)","Can You Get a Business Loan With Bad Credit? (Yes — Here's How)",155,0.67,false,false,false
"what-is-a-good-credit-score","/best/best-credit-builder-loans/","What Is a Good Credit Score? (And Where Your Number Really Stands)","What Is a Good Credit Score? (And Where Your Number Really Stands)",146,0.57,false,false,false
"how-to-apply-for-personal-loans","/best/cheapest-personal-loans/","How to Apply for Personal Loans (Even With Bad Credit)","How to Apply for Personal Loans (Even With Bad Credit)",145,0.67,false,false,false
"debt-settlement-credit-report-diy-guide","/best/best-debt-relief-companies/","Debt Settlement: How It Works, What It Does to Your Credit, and Whether You Can Do It Yourself","Debt Settlement: How It Works, What It Does to Your Credit, and Whether You Can Do It Yourself",158,0.67,false,false,false
"authorized-user-credit-strategy","/best/best-credit-builder-loans/","Authorized User Strategy: How It Affects Credit Scores, Payments, and Limits","Authorized User Strategy: How It Affects Credit Scores, Payments, and Limits",154,0.63,false,false,false
"upstart-loan-questions-cancellation-early-payoff-refinance","/best/best-personal-loan-lenders/","Upstart Loan Questions Answered (Cancel, Pay Early, Refinance, and More)","Upstart Loan Questions Answered (Cancel, Pay Early, Refinance, and More)",147,0.78,false,false,false
"credit-score-needed-for-loans","/best/best-personal-loans-bad-credit/","Credit Score Needed for Loans (Auto, Home, Personal — Real Minimums)","Credit Score Needed for Loans (Auto, Home, Personal — Real Minimums)",152,0.44,false,false,false
"does-closing-a-credit-card-hurt-your-score","/best/best-credit-monitoring-services/","Does Closing a Credit Card Hurt Your Credit Score? (What Actually Happens)","Does Closing a Credit Card Hurt Your Credit Score? (What Actually Happens)",158,0.57,false,false,false
"remove-late-payments-from-credit-report","/best/best-credit-repair-companies/","How to Remove Late Payments From Your Credit Report (and When You Actually Can)","How to Remove Late Payments From Your Credit Report (and When You Actually Can)",157,0.75,false,false,false
"are-merchant-cash-advances-a-good-idea","/best/best-small-business-loans/","Are merchant cash advances a good idea?","Are merchant cash advances a good idea?",154,0.6,false,false,false
"are-merchant-cash-advances-legal","/best/best-small-business-loans/","Are merchant cash advances legal?","Are merchant cash advances legal?",159,1,false,false,false
"are-merchant-cash-advances-tax-deductible","/best/best-small-business-loans/","Are merchant cash advances tax deductible?","Are merchant cash advances tax deductible?",158,0.8,false,false,false
"are-sba-loans-bad","/best/best-small-business-loans/","Are SBA loans bad?","Are SBA loans bad?",144,1,false,false,false
"are-sba-loans-for-startups","/best/best-small-business-loans/","Are SBA loans for startups?","Are SBA loans for startups?",155,1,false,false,false
"are-small-business-loans","/best/best-small-business-loans/","What are small business loans?","What are small business loans?",159,1,false,false,false
"are-small-business-loans-a-good-idea","/best/best-small-business-loans/","Are small business loans a good idea?","Are small business loans a good idea?",158,0.6,false,false,false
"are-small-business-loans-easy-to-get","/best/best-small-business-loans/","Are small business loans easy to get?","Are small business loans easy to get?",140,0.75,false,false,false
"how-to-pay-off-credit-card-debt","/best/best-debt-consolidation-loans/","How to pay off credit card debt?","How to pay off credit card debt?",153,1,false,false,false
"how-do-i-get-a-personal-loan","/best/cheapest-personal-loans/","How do I get a personal loan?","How do I get a personal loan?",153,1,false,false,false
"how-do-i-get-small-business-loan","/best/best-small-business-loans/","How do I get a small business loan?","How do I get a small business loan?",155,1,false,false,false
"how-do-debt-consolidation-loans-work","/best/best-debt-consolidation-loans/","How do debt consolidation loans work?","How do debt consolidation loans work?",155,1,false,false,false
"how-does-debt-consolidation-work","/best/best-debt-relief-companies/","How does debt consolidation work?","How does debt consolidation work?",154,0.67,false,false,false
"what-are-sba-loans","/best/best-sba-loans/","What are SBA loans?","What are SBA loans?",125,1,false,false,false
"what-are-the-best-small-business-loan-banks","/best/best-small-business-loans/","What are the best small business loan banks?","What are the best small business loan banks?",146,0.8,false,false,false
"what-should-you-know-about-fast-business-loans","/best/best-merchant-cash-advance/","What should you know about fast business loans?","What should you know about fast business loans?",150,0.5,false,false,false
"how-to-get-a-startup-business-loan-with-no-money","/best/best-startup-business-loans/","How to get a startup business loan with no money?","How to get a startup business loan with no money?",154,1,false,false,false
"what-are-the-best-small-business-loans","/best/best-small-business-loans/","What are the best small business loans?","What are the best small business loans?",154,1,false,false,false
"what-should-you-know-about-business-loans-no-credit-check","/best/best-sba-loans/","What should you know about business loans no credit check?","What should you know about business loans no credit check?",141,0.71,false,false,false
"what-should-you-know-about-business-loan-for-women","/best/best-small-business-loans/","What should you know about business loan for women?","What should you know about business loan for women?",156,0.67,false,false,false
"what-should-you-know-about-business-loans-for-bad-credit-startup","/best/best-sba-loans/","What should you know about business loans for bad credit startup?","What should you know about business loans for bad credit startup?",152,0.5,false,false,false
"what-should-you-know-about-startup-business-loans-for-bad-credit","/best/best-startup-business-loans/","What should you know about startup business loans for bad credit?","What should you know about startup business loans for bad credit?",157,0.63,false,false,false
"how-can-i-apply-for-a-business-loan","/best/best-merchant-cash-advance/","How can I apply for a business loan?","How can I apply for a business loan?",149,1,false,false,false
"what-are-debt-consolidation-loans","/best/best-debt-consolidation-loans/","What are debt consolidation loans?","What are debt consolidation loans?",152,1,false,false,false
"what-is-bill-consolidation-loan","/best/best-debt-consolidation-loans/","What is bill consolidation loan?","What is bill consolidation loan?",154,1,false,false,false
"what-should-you-know-about-small-business-loan-for-new-business","/best/best-startup-business-loans/","What should you know about small business loan for new business?","What should you know about small business loan for new business?",156,0.71,false,false,false
"what-should-you-know-about-sba-loan-for-veterans","/best/best-small-business-loans/","What should you know about SBA loan for veterans?","What should you know about SBA loan for veterans?",155,0.33,false,false,false
"what-should-you-know-about-business-loan-for-first-time-business-owner","/best/best-small-business-loans/","What should you know about business loan for first time business owner?","What should you know about business loan for first time business owner?",155,0.25,false,false,false
"what-are-credit-building-loans","/best/best-credit-builder-loans/","What are credit building loans?","What are credit building loans?",159,1,false,false,false
"how-do-sba-loans-work","/best/best-sba-loans/","How do SBA loans work?","How do SBA loans work?",159,1,false,false,false
"how-does-business-line-of-credit-work","/best/best-small-business-loans/","How does business line of credit work?","How does business line of credit work?",156,0.75,false,false,false
"what-is-a-business-line-of-credit","/best/best-business-lines-of-credit/","What is a business line of credit?","What is a business line of credit?",156,1,false,false,false
"how-do-i-get-a-startup-business-loan","/best/best-startup-business-loans/","How do I get a startup business loan?","How do I get a startup business loan?",155,1,false,false,false
"how-do-small-business-loans-work","/best/best-sba-loans/","How do small business loans work?","How do small business loans work?",157,1,false,false,false
"what-are-the-best-startup-business-loans","/best/best-startup-business-loans/","What are the best startup business loans?","What are the best startup business loans?",156,1,false,false,false
"what-should-you-know-about-business-loan-for-construction","/best/best-small-business-loans/","What should you know about business loan for construction?","What should you know about business loan for construction?",139,0.5,false,false,false
"what-should-you-know-about-equipment-financing-calculator","/best/best-equipment-financing/","What should you know about equipment financing calculator?","What should you know about equipment financing calculator?",145,0.33,false,false,false
"what-should-you-know-about-women-owned-business-loans","/best/best-small-business-loans/","What should you know about women owned business loans?","What should you know about women owned business loans?",150,0.57,false,false,false
"is-debt-settlement-a-good-idea","/best/best-debt-relief-companies/","Is debt settlement a good idea?","Is debt settlement a good idea?",155,1,false,false,false
"what-are-business-loans","/best/best-sba-loans/","What are business loans?","What are business loans?",160,1,false,false,false
"what-should-you-know-about-fast-business-funding","/best/best-merchant-cash-advance/","What should you know about fast business funding?","What should you know about fast business funding?",154,0.5,false,false,false
"what-should-you-know-about-startup-business-loans-with-no-revenue-bad","/best/best-bad-credit-business-loans/","What should you know about startup business loans with no revenue bad credit?","What should you know about startup business loans with no revenue bad credit?",158,0.67,false,false,false
"does-credit-repair-companies-work","/best/best-credit-repair-companies/","Do credit repair companies work?","Do credit repair companies work?",153,0.75,false,false,false
"does-credit-repair-services-work","/best/best-credit-repair-companies/","Do credit repair services work?","Do credit repair services work?",160,1,false,false,false
"how-much-can-you-get-a-personal-loan-for","/best/best-personal-loan-lenders/","How much can you get a personal loan for?","How much can you get a personal loan for?",158,0.67,false,false,false
"how-to-get-small-business-loan-with-bad-credit","/best/best-sba-loans/","How to get a small business loan with bad credit?","How to get a small business loan with bad credit?",146,1,false,false,false
"what-are-the-top-sba-loan-lenders","/best/best-sba-loans/","What are the top SBA loan lenders?","What are the top SBA loan lenders?",160,1,false,false,false
"what-are-the-top-sba-loans","/best/best-sba-loans/","What are the top SBA loans?","What are the top SBA loans?",149,1,false,false,false
"what-is-small-business-lending","/best/best-small-business-loans/","What is small business lending?","What is small business lending?",160,1,false,false,false
"what-should-you-know-about-equipment-loan-rates","/best/best-equipment-financing/","What should you know about equipment loan rates?","What should you know about equipment loan rates?",155,0.5,false,false,false
"are-credit-repair-companies-legit","/best/best-credit-repair-companies/","Are credit repair companies legit?","Are credit repair companies legit?",144,1,false,false,false
"can-i-get-a-loan-with-a-600-credit-score","/best/best-personal-loans-bad-credit/","Can I get a loan with a 600 credit score?","Can I get a loan with a 600 credit score?",157,0.75,false,false,false
"do-business-loans-affect-personal-credit","/best/best-bad-credit-business-loans/","Do business loans affect personal credit?","Do business loans affect personal credit?",151,0.8,false,false,false
"how-do-i-consolidate-my-credit-card-debt","/best/best-debt-consolidation-loans/","How do I consolidate my credit card debt?","How do I consolidate my credit card debt?",157,1,false,false,false
"how-do-credit-repair-agencies-work","/best/best-credit-repair-companies/","How do credit repair agencies work?","How do credit repair agencies work?",159,0.75,false,false,false
"how-do-credit-repair-companies-work","/best/best-credit-repair-companies/","How do credit repair companies work?","How do credit repair companies work?",160,0.75,false,false,false
"how-does-a-personal-loan-affect-credit-score","/best/best-personal-loan-lenders/","How does a personal loan affect credit score?","How does a personal loan affect credit score?",149,1,false,false,false
"what-are-the-best-business-line-of-credit-banks","/best/best-business-lines-of-credit/","What are the best business line of credit banks?","What are the best business line of credit banks?",149,1,false,false,false
"what-does-secured-credit-card-mean","/best/best-secured-credit-cards/","What does secured credit card mean?","What does secured credit card mean?",150,0.75,false,false,false
"what-is-sba-loan-interest-rate","/best/best-sba-loans/","What is SBA loan interest rate?","What is SBA loan interest rate?",158,1,false,false,false
"what-is-a-good-credit-repair-company","/best/best-credit-repair-companies/","What is a good credit repair company?","What is a good credit repair company?",157,1,false,false,false
"what-is-the-best-credit-repair-company","/best/best-credit-repair-companies/","What is the best credit repair company?","What is the best credit repair company?",158,1,false,false,false
"what-should-you-know-about-business-loan-for-disabled-veterans","/best/best-small-business-loans/","What should you know about business loan for disabled veterans?","What should you know about business loan for disabled veterans?",153,0.57,false,false,false
"what-should-you-know-about-business-loan-for-ecommerce","/best/best-small-business-loans/","What should you know about business loan for ecommerce?","What should you know about business loan for ecommerce?",147,0.67,false,false,false
"what-should-you-know-about-business-loan-for-food-truck","/best/best-small-business-loans/","What should you know about business loan for food truck?","What should you know about business loan for food truck?",140,0.57,false,false,false
"how-does-debt-settlement-work","/best/best-debt-relief-companies/","How does debt settlement work?","How does debt settlement work?",158,0.67,false,false,false
"what-are-the-best-small-business-loan-rates","/best/best-small-business-loans/","What are the best small business loan rates?","What are the best small business loan rates?",154,1,false,false,false
"what-are-the-best-small-business-loans-for-startups","/best/best-startup-business-loans/","What are the best small business loans for startups?","What are the best small business loans for startups?",137,1,false,false,false
"what-should-you-know-about-business-loan-for-gym","/best/best-small-business-loans/","What should you know about business loan for gym?","What should you know about business loan for gym?",151,0.5,false,false,false
"are-business-loans-tax-deductible","/best/best-small-business-loans/","Are business loans tax deductible?","Are business loans tax deductible?",151,1,false,false,false
"are-credit-card-balance-transfers-a-good-idea","/best/best-secured-credit-cards/","Are credit card balance transfers a good idea?","Are credit card balance transfers a good idea?",152,0.67,false,false,false
"can-sba-loans-be-forgiven","/best/best-sba-loans/","Can SBA loans be forgiven?","Can SBA loans be forgiven?",148,0.67,false,false,false
"how-do-credit-builder-loans-work","/best/best-credit-builder-loans/","How do credit builder loans work?","How do credit builder loans work?",157,1,false,false,false
"how-long-are-sba-loans","/best/best-sba-loans/","How long are SBA loans?","How long are SBA loans?",151,0.33,false,false,false
"what-are-the-best-small-business-loans-for-women","/best/best-startup-business-loans/","What are the best small business loans for women?","What are the best small business loans for women?",157,1,false,false,false
"what-is-equipment-finance","/best/best-equipment-financing/","What is equipment finance?","What is equipment finance?",155,1,false,false,false
"what-is-merchant-cash-advance","/best/best-merchant-cash-advance/","What is merchant cash advance?","What is merchant cash advance?",157,1,false,false,false
"what-should-you-know-about-equipment-financing-for-new-business","/best/best-equipment-financing/","What should you know about equipment financing for new business?","What should you know about equipment financing for new business?",143,0.43,false,false,false
"what-should-you-know-about-quick-business-loans-no-credit-checks","/best/best-sba-loans/","What should you know about quick business loans no credit checks?","What should you know about quick business loans no credit checks?",156,0.63,false,false,false
"do-loans-build-credit","/best/best-credit-builder-loans/","Do loans build credit?","Do loans build credit?",158,1,false,false,false
"how-does-merchant-cash-advance-work","/best/best-small-business-loans/","How does merchant cash advance work?","How does merchant cash advance work?",142,0.75,false,false,false
"how-much-will-secured-credit-card-raise-my-score","/best/best-secured-credit-cards/","How much will secured credit card raise my score?","How much will secured credit card raise my score?",144,0.71,false,false,false
"how-to-establish-credit-after-bankruptcy","/best/best-credit-builder-loans/","How to establish credit after bankruptcy?","How to establish credit after bankruptcy?",156,1,false,false,false
"how-to-get-small-business-loan-from-government","/best/best-sba-loans/","How to get a small business loan from government?","How to get a small business loan from government?",141,0.6,false,false,false
"is-no-credit-history-bad","/best/best-no-credit-check-cards/","Is no credit history bad?","Is no credit history bad?",150,1,false,false,false
"what-are-the-best-small-business-loans-for-bad-credit","/best/best-startup-business-loans/","What are the best small business loans for bad credit?","What are the best small business loans for bad credit?",155,1,false,false,false
"what-are-the-top-small-business-loans","/best/best-small-business-loans/","What are the top small business loans?","What are the top small business loans?",158,1,false,false,false
"what-is-invoice-financing","/best/best-invoice-factoring/","What is invoice financing?","What is invoice financing?",159,1,false,false,false
"what-should-you-know-about-business-loan-for-construction-companies","/best/best-sba-loans/","What should you know about business loan for construction companies?","What should you know about business loan for construction companies?",159,0.57,false,false,false
"what-should-you-know-about-business-loans-for-bad-credit-instant-appro","/best/best-sba-loans/","What should you know about business loans for bad credit instant approval?","What should you know about business loans for bad credit instant approval?",155,0.67,false,false,false
"what-should-you-know-about-equipment-financing-no-credit-check","/best/best-equipment-financing/","What should you know about equipment financing no credit check?","What should you know about equipment financing no credit check?",146,0.57,false,false,false
"what-should-you-know-about-merchant-cash-advance-default","/best/best-merchant-cash-advance/","What should you know about merchant cash advance default?","What should you know about merchant cash advance default?",153,0.57,false,false,false
"what-should-you-know-about-same-day-business-loans-bad-credit","/best/best-merchant-cash-advance/","What should you know about same day business loans bad credit?","What should you know about same day business loans bad credit?",152,0.78,false,false,false
"can-you-get-a-business-loan-to-start-a-business","/best/best-small-business-loans/","Can you get a business loan to start a business?","Can you get a business loan to start a business?",148,1,false,false,false
"how-does-credit-counseling-work","/best/best-credit-counseling-agencies/","How does credit counseling work?","How does credit counseling work?",146,0.67,false,false,false
"how-does-personal-loan-interest-work","/best/cheapest-personal-loans/","How does personal loan interest work?","How does personal loan interest work?",150,0.75,false,false,false
"what-should-you-know-about-business-loan-for-cafe","/best/best-small-business-loans/","What should you know about business loan for cafe?","What should you know about business loan for cafe?",154,0.5,false,false,false
"what-should-you-know-about-fastest-sba-loan","/best/best-merchant-cash-advance/","What should you know about fastest SBA loan?","What should you know about fastest SBA loan?",160,0.67,false,false,false
"what-should-you-know-about-merchant-cash-advance-for-startups","/best/best-merchant-cash-advance/","What should you know about merchant cash advance for startups?","What should you know about merchant cash advance for startups?",151,0.57,false,false,false
"what-should-you-know-about-startup-business-loan-for-women","/best/best-startup-business-loans/","What should you know about startup business loan for women?","What should you know about startup business loan for women?",160,0.57,false,false,false
"how-should-you-compare-small-business-loans","/best/best-small-business-loans/","How should you compare small business loans?","How should you compare small business loans?",152,0.8,false,false,false
"what-are-the-best-equipment-financing-companies-for-startups","/best/best-equipment-financing/","What are the best equipment financing companies for startups?","What are the best equipment financing companies for startups?",152,1,false,false,false
"what-should-you-know-about-business-loan-for-farm","/best/best-small-business-loans/","What should you know about business loan for farm?","What should you know about business loan for farm?",147,0.5,false,false,false
"what-should-you-know-about-equipment-financing-vs-leasing","/best/best-equipment-financing/","What should you know about equipment financing vs leasing?","What should you know about equipment financing vs leasing?",156,0.5,false,false,false
"what-should-you-know-about-unsecured-business-loan-rates","/best/best-business-lines-of-credit/","What should you know about unsecured business loan rates?","What should you know about unsecured business loan rates?",159,0.57,false,false,false
"where-to-apply-for-small-business-loan","/best/best-sba-loans/","Where can you apply for a small business loan?","Where can you apply for a small business loan?",154,0.8,false,false,false
"are-small-business-loans-hard-to-get","/best/best-sba-loans/","Are small business loans hard to get?","Are small business loans hard to get?",152,1,false,false,false
"can-i-get-sba-loan-with-bad-credit","/best/best-sba-loans/","Can I get SBA loan with bad credit?","Can I get SBA loan with bad credit?",155,1,false,false,false
"how-does-equipment-financing-work","/best/best-equipment-financing/","How does equipment financing work?","How does equipment financing work?",159,0.67,false,false,false
"how-does-invoice-factoring-work","/best/best-small-business-loans/","How does invoice factoring work?","How does invoice factoring work?",157,0.67,false,false,false
"how-much-personal-loan-do-i-qualify-for","/best/best-personal-loan-lenders/","How much personal loan do I qualify for?","How much personal loan do I qualify for?",157,0.5,false,false,false
"should-i-get-a-business-loan","/best/best-small-business-loans/","Should I get a business loan?","Should I get a business loan?",153,0.67,false,false,false
"what-are-credit-repair-companies","/best/best-credit-repair-companies/","","What are credit repair companies?",149,1,true,false,false
"what-should-you-know-about-benefits-of-a-business-line-of-credit","/best/best-business-lines-of-credit/","","What should you know about benefits of a business line of credit?",155,0.57,true,false,false
"what-should-you-know-about-first-time-business-loan-with-bad-credit","/best/best-small-business-loans/","","What should you know about first time business loan with bad credit?",153,0.44,true,false,false
"what-should-you-know-about-heavy-equipment-financing-companies","/best/best-equipment-financing/","","What should you know about heavy equipment financing companies?",152,0.57,true,false,false
"what-should-you-know-about-invoice-factoring-calculator","/best/best-invoice-factoring/","","What should you know about invoice factoring calculator?",159,1,true,false,false
"what-should-you-know-about-merchant-cash-advance-consolidation","/best/best-merchant-cash-advance/","","What should you know about merchant cash advance consolidation?",158,0.57,true,false,false
"can-i-dispute-late-payments-on-credit-report","/best/best-credit-repair-companies/","","Can I dispute late payments on credit report?",158,1,true,false,false
"how-does-secured-credit-card-work-for-capital-one","/best/best-secured-credit-cards/","","How does secured credit card work for capital one?",137,0.83,true,false,false
"how-much-does-a-personal-loan-affect-your-credit-score","/best/best-personal-loans-bad-credit/","","How much does a personal loan affect your credit score?",160,0.67,true,false,false
"how-to-get-a-small-business-loan-to-start-a-business","/best/best-small-business-loans/","","How to get a small business loan to start a business?",152,1,true,false,false
"how-to-get-a-small-business-loan-with-no-income","/best/best-small-business-loans/","","How to get a small business loan with no income?",149,1,true,false,false
"how-to-qualify-for-a-business-line-of-credit","/best/best-business-lines-of-credit/","","How to qualify for a business line of credit?",144,1,true,false,false
"is-getting-a-loan-for-debt-consolidation-bad","/best/best-debt-consolidation-loans/","","Is getting a loan for debt consolidation bad?",155,0.8,true,false,false
"what-are-merchant-cash-advances","/best/best-merchant-cash-advance/","","What are merchant cash advances?",159,0.67,true,false,false
"what-are-the-best-merchant-cash-advance","/best/best-merchant-cash-advance/","","What are the best merchant cash advance?",158,0.75,true,false,false
"what-is-a-good-interest-rate-for-a-business-loan","/best/best-small-business-loans/","","What is a good interest rate for a business loan?",159,1,true,false,false
"what-should-you-know-about-business-cash-advance-no-credit-check","/best/best-merchant-cash-advance/","","What should you know about business cash advance no credit check?",132,0.63,true,false,false
"what-should-you-know-about-business-loan-for-daycare","/best/best-small-business-loans/","","What should you know about business loan for daycare?",145,0.5,true,false,false
"what-should-you-know-about-minimum-credit-score-for-business-loan","/best/best-bad-credit-business-loans/","","What should you know about minimum credit score for business loan?",147,0.63,true,false,false
"what-should-you-know-about-small-business-line-of-credit-requirements","/best/best-business-lines-of-credit/","","What should you know about small business line of credit requirements?",152,0.63,true,false,false
"what-should-you-know-about-startup-business-loans-and-grants","/best/best-startup-business-loans/","","What should you know about startup business loans and grants?",142,0.57,true,false,false
"when-to-get-a-business-loan","/best/best-small-business-loans/","","When to get a business loan?",158,1,true,false,false
"when-to-get-a-small-business-loan","/best/best-sba-loans/","","When to get a small business loan?",151,1,true,false,false
"can-i-dispute-student-loans-on-credit-report","/best/best-credit-repair-companies/","","Can I dispute student loans on credit report?",150,1,true,false,false
"do-you-need-collateral-for-a-business-loan","/best/best-small-business-loans/","","Do you need collateral for a business loan?",149,0.5,true,false,false
"does-credit-counseling-hurt-your-credit","/best/best-credit-counseling-agencies/","","Does credit counseling hurt your credit?",142,0.67,true,false,false
"how-long-can-you-get-a-business-loan-for","/best/best-merchant-cash-advance/","","How long can you get a business loan for?",149,0.67,true,false,false
"what-are-the-best-small-business-loans-for-new-businesses","/best/best-startup-business-loans/","","What are the best small business loans for new businesses?",159,0.67,true,false,false
"what-happens-if-you-default-on-an-unsecured-business-loan","/best/best-business-lines-of-credit/","","What happens if you default on an unsecured business loan?",159,0.6,true,false,false
"what-is-a-fintech-business","/best/best-small-business-loans/","","What is a fintech business?",159,1,true,false,false
"what-is-business-cash-advance","/best/best-merchant-cash-advance/","","What is business cash advance?",152,1,true,false,false
"what-is-personal-loan-score-in-cibil","/best/cheapest-personal-loans/","","What is personal loan score in cibil?",145,1,true,false,false
"what-should-you-know-about-business-loan-for-salon","/best/best-small-business-loans/","","What should you know about business loan for salon?",144,1,true,false,false
"what-should-you-know-about-largest-merchant-cash-advance-companies","/best/best-merchant-cash-advance/","","What should you know about largest merchant cash advance companies?",148,0.63,true,false,false
"are-credit-repair-companies-scams","/best/best-credit-repair-companies/","","Are credit repair companies scams?",153,1,true,false,false
"can-i-get-a-business-loan-with-no-income","/best/best-startup-business-loans/","","Can I get a business loan with no income?",153,1,true,false,false
"can-credit-repair-remove-repossession","/best/best-credit-repair-money-back-guarantee/","","Can credit repair remove repossession?",148,1,true,false,false
"can-credit-score-affect-car-insurance","/best/best-credit-monitoring-services/","","Can credit score affect car insurance?",155,0.6,true,false,false
"do-business-loans-require-collateral","/best/best-business-lines-of-credit/","","Do business loans require collateral?",158,1,true,false,false
"how-many-secured-credit-cards-should-i-have","/best/best-secured-credit-cards/","","How many secured credit cards should I have?",142,0.5,true,false,false
"how-much-do-personal-loans-affect-credit-score","/best/best-personal-loans-bad-credit/","","How much do personal loans affect credit score?",145,0.5,true,false,false
"is-a-business-line-of-credit-a-good-idea","/best/best-business-lines-of-credit/","","Is a business line of credit a good idea?",150,0.8,true,false,false
"is-chime-secured-credit-card-good","/best/best-secured-credit-cards/","","Is chime secured credit card good?",146,0.8,true,false,false
"what-should-you-know-about-loans-for-veterans-to-start-a-business","/best/best-startup-business-loans/","","What should you know about loans for veterans to start a business?",153,0.57,true,false,false
"can-i-get-a-loan-for-auto-repair","/best/best-small-business-loans/","","Can I get a loan for auto repair?",142,1,true,false,false
"can-credit-repair-remove-bankruptcies","/best/best-credit-repair-companies/","","Can credit repair remove bankruptcies?",154,0.75,true,false,false
"do-business-loans-check-personal-credit","/best/best-bad-credit-business-loans/","","Do business loans check personal credit?",159,0.8,true,false,false
"do-small-business-loans-require-collateral","/best/best-small-business-loans/","","Do small business loans require collateral?",142,1,true,false,false
"how-does-amex-business-line-of-credit-work","/best/best-business-lines-of-credit/","","How does amex business line of credit work?",159,0.8,true,false,false
"how-to-get-business-funding-with-no-revenue","/best/best-small-business-loans/","","How to get business funding with no revenue?",158,1,true,false,false
"how-to-get-business-line-of-credit-with-no-revenue","/best/best-business-lines-of-credit/","","How to get business line of credit with no revenue?",153,1,true,false,false
"is-credit-counseling-a-good-idea","/best/best-credit-counseling-agencies/","","Is credit counseling a good idea?",151,1,true,false,false
"what-are-the-best-business-line-of-credit-lenders","/best/best-business-lines-of-credit/","","What are the best business line of credit lenders?",152,1,true,false,false
"what-are-the-best-heavy-equipment-financing","/best/best-equipment-financing/","","What are the best heavy equipment financing?",142,1,true,false,false
"what-does-credit-monitoring-do","/best/best-credit-monitoring-services/","","What does credit monitoring do?",156,1,true,false,false
"what-is-the-easiest-small-business-loan-to-get","/best/best-small-business-loans/","","What is the easiest small business loan to get?",155,0.75,true,false,false
"what-should-you-know-about-business-loan-500-credit-score","/best/best-sba-loans/","","What should you know about business loan 500 credit score?",154,0.75,true,false,false
"what-should-you-know-about-invoice-factoring-fees","/best/best-invoice-factoring/","","What should you know about invoice factoring fees?",147,0.67,true,false,false
"what-should-you-know-about-unsecured-business-loan-bad-credit","/best/best-business-lines-of-credit/","","What should you know about unsecured business loan bad credit?",153,0.5,true,false,false
"is-it-easy-to-get-a-personal-loan","/best/best-personal-loan-lenders/","","Is it easy to get a personal loan?",141,1,true,false,false
"what-are-the-best-invoice-factoring-companies","/best/best-invoice-factoring/","","What are the best invoice factoring companies?",148,0.75,true,false,false
"what-should-you-know-about-business-loan-for-minority-woman","/best/best-small-business-loans/","","What should you know about business loan for minority woman?",154,0.43,true,false,false
"what-should-you-know-about-business-loan-no-personal-credit-check","/best/best-bad-credit-business-loans/","","What should you know about business loan no personal credit check?",150,0.5,true,false,false
"what-should-you-know-about-merchant-cash-advance-no-credit-check","/best/best-merchant-cash-advance/","","What should you know about merchant cash advance no credit check?",157,0.63,true,false,false
"how-to-get-a-business-loan-with-bad-credit-and-no-money","/best/best-bad-credit-business-loans/","","How to get a business loan with bad credit and no money?",149,0.4,true,false,false
"what-should-you-know-about-sba-loan-credit-score-requirements","/best/best-sba-loans/","","What should you know about SBA loan credit score requirements?",156,0.63,true,false,false
"how-does-equipment-leasing-work","/best/best-equipment-financing/","","How does equipment leasing work?",155,0.67,true,false,false
"is-secured-credit-card-a-good-idea","/best/best-secured-credit-cards/","","Is secured credit card a good idea?",153,0.8,true,false,false
"what-should-you-know-about-sba-loan-requirements-for-small-business","/best/best-sba-loans/","","What should you know about SBA loan requirements for small business?",151,0.63,true,false,false
"what-should-you-know-about-merchant-cash-advance-how-it-works","/best/best-bad-credit-business-loans/","","What should you know about merchant cash advance how it works?",146,0.57,true,false,false
"what-should-you-know-about-same-day-business-loans-online","/best/best-merchant-cash-advance/","","What should you know about same day business loans online?",141,0.38,true,false,false
"what-should-you-know-about-unsecured-business-loan-interest-rate","/best/best-business-lines-of-credit/","","What should you know about unsecured business loan interest rate?",134,0.63,true,false,false
"what-should-you-know-about-easy-loans-for-startup-business","/best/best-startup-business-loans/","","What should you know about easy loans for startup business?",143,0.57,true,false,false
"what-should-you-know-about-minority-loans-to-start-a-business","/best/best-small-business-loans/","","What should you know about minority loans to start a business?",156,0.57,true,false,false
"what-loans-can-i-get-with-a-500-credit-score","/best/best-personal-loans-bad-credit/","","What loans can I get with a 500 credit score?",150,1,true,false,false
"how-does-kikoff-credit-builder-loan-work","/best/best-credit-builder-loans/","","How does kikoff credit builder loan work?",159,0.8,true,false,false
"is-secured-credit-card-better-than-unsecured","/best/best-secured-credit-cards/","","Is secured credit card better than unsecured?",144,1,true,false,false
"how-to-get-a-200k-business-loan","/best/best-small-business-loans/","","How to get a 200k business loan?",142,1,true,false,false
"what-should-you-know-about-sba-loan-approval-timeline","/best/best-sba-loans/","","What should you know about SBA loan approval timeline?",154,0.57,true,false,false
"what-should-you-know-about-merchant-cash-advance-example","/best/best-bad-credit-business-loans/","","What should you know about merchant cash advance example?",157,0.57,true,false,false
"where-can-i-get-a-business-loan-with-bad-credit","/best/best-business-lines-of-credit/","","Where can I get a business loan with bad credit?",149,1,true,false,false
"how-do-business-loans-work-for-startups","/best/best-sba-loans/","","How do business loans work for startups?",149,1,true,false,false
"how-much-do-debt-consolidation-companies-charge","/best/best-debt-relief-companies/","","How much do debt consolidation companies charge?",158,0.8,true,false,false
"how-much-down-payment-for-sba-loan","/best/best-sba-loans/","","How much down payment for SBA loan?",153,0.8,true,false,false
"what-are-the-best-sba-loans-for-startups","/best/best-sba-loans/","","What are the best SBA loans for startups?",154,1,true,false,false
"how-much-can-a-small-business-loan-be","/best/best-small-business-loans/","","How much can a small business loan be?",159,0.75,true,false,false
"how-to-get-a-300k-business-loan","/best/best-sba-loans/","","How to get a 300k business loan?",152,0.67,true,false,false
"how-much-debt-consolidation-loan-can-i-get","/best/best-debt-consolidation-loans/","","How much debt consolidation loan can I get?",160,1,true,false,false
"how-to-get-a-large-business-loan-with-no-money","/best/best-sba-loans/","","How to get a large business loan with no money?",153,1,true,false,false
"what-should-you-know-about-business-loan-for-500k","/best/best-sba-loans/","","What should you know about business loan for 500k?",146,0.33,true,false,false
"what-should-you-know-about-equipment-finance-agreement-vs-loan","/best/best-equipment-financing/","","What should you know about equipment finance agreement vs loan?",158,0.57,true,false,false
"what-should-you-know-about-equipment-financing-for-personal-use","/best/best-equipment-financing/","","What should you know about equipment financing for personal use?",157,0.57,true,false,false
"what-should-you-know-about-startup-business-loan-interest-rates","/best/best-startup-business-loans/","","What should you know about startup business loan interest rates?",156,0.63,true,false,false
"will-sba-eidl-loans-be-forgiven","/best/best-sba-loans/","","Will SBA eidl loans be forgiven?",145,0.6,true,false,false
"are-personal-loans-secured","/best/cheapest-personal-loans/","","Are personal loans secured?",158,1,true,false,false
"can-i-get-a-business-loan-with-no-money","/best/best-startup-business-loans/","","Can I get a business loan with no money?",142,1,true,false,false
"can-i-get-a-business-loan-without-a-business","/best/best-small-business-loans/","","Can I get a business loan without a business?",149,0.33,true,false,false
"can-credit-bureau-remove-collections","/best/best-credit-repair-companies/","","Can credit bureau remove collections?",150,0.75,true,false,false
"can-you-get-a-business-loan-without-using-personal-credit","/best/best-bad-credit-business-loans/","","Can you get a business loan without using personal credit?",150,1,true,false,false
"can-you-get-an-sba-loan-for-a-startup","/best/best-startup-business-loans/","","Can you get an SBA loan for a startup?",151,1,true,false,false
"can-you-get-credit-after-bankruptcy","/best/best-credit-builder-loans/","","Can you get credit after bankruptcy?",156,1,true,false,false
"does-consumer-credit-counseling-hurt-your-credit","/best/best-debt-relief-companies/","","Does consumer credit counseling hurt your credit?",152,0.5,true,false,false
"how-do-sba-loans-work-for-startups","/best/best-small-business-loans/","","How do SBA loans work for startups?",155,1,true,false,false
"how-do-credit-counseling-services-work","/best/best-credit-counseling-agencies/","","How do credit counseling services work?",155,0.75,true,false,false
"how-do-credit-repair-services-work","/best/best-credit-repair-veterans/","","How does credit repair services work?",152,1,true,false,false
"how-does-invoice-financing-work","/best/best-invoice-factoring/","","How does invoice financing work?",158,0.67,true,false,false
"how-does-working-capital-loan-work","/best/best-small-business-loans/","","How does working capital loan work?",141,0.75,true,false,false
"how-long-can-you-finance-equipment","/best/best-equipment-financing/","","How long can you finance equipment?",147,1,true,false,false
"how-to-apply-for-a-small-business-loan-grant","/best/best-small-business-loans/","","How to apply for a small business loan grant?",141,1,true,false,false
"how-to-apply-for-business-loan-with-ein","/best/best-sba-loans/","","How to apply for business loan with ein?",158,1,true,false,false
"how-to-build-credit-after-bankruptcy-discharge","/best/best-credit-builder-loans/","","How to build credit after bankruptcy discharge?",149,1,true,false,false
"how-to-get-a-150-000-business-loan","/best/best-small-business-loans/","","How to get a 150 000 business loan?",148,0.5,true,false,false
"how-to-get-a-first-time-small-business-loan","/best/best-small-business-loans/","","How to get a first time small business loan?",158,0.8,true,false,false
"how-to-get-a-small-business-loan-without-collateral","/best/best-small-business-loans/","","How to get a small business loan without collateral?",156,0.6,true,false,false
"how-to-sell-merchant-cash-advance","/best/best-merchant-cash-advance/","","How to sell merchant cash advance?",147,0.75,true,false,false
"how-to-start-a-merchant-cash-advance-business","/best/best-merchant-cash-advance/","","How to start a merchant cash advance business?",156,1,true,false,false
"is-a-consolidation-loan-better-than-credit-card-debt","/best/best-debt-consolidation-loans/","","Is a consolidation loan better than credit card debt?",156,0.71,true,false,false
"is-a-credit-builder-loan-a-good-idea","/best/best-credit-builder-loans/","","Is a credit builder loan a good idea?",144,1,true,false,false
"is-a-personal-loan-better-than-credit-card","/best/cheapest-personal-loans/","","Is a personal loan better than credit card?",155,0.67,true,false,false
"is-a-small-business-loan-secured","/best/best-small-business-loans/","","Is a small business loan secured?",152,1,true,false,false
"is-it-hard-to-get-a-business-line-of-credit","/best/best-merchant-cash-advance/","","Is it hard to get a business line of credit?",149,0.75,true,false,false
"what-are-the-best-invoice-financing-companies","/best/best-invoice-factoring/","","What are the best invoice financing companies?",151,0.75,true,false,false
"what-credit-score-is-needed-for-debt-consolidation-loan","/best/best-debt-consolidation-loans/","","What credit score is needed for debt consolidation loan?",148,1,true,false,false
"what-is-the-easiest-sba-loan-to-get","/best/best-sba-loans/","","What is the easiest SBA loan to get?",154,0.33,true,false,false
"what-secured-credit-cards-graduate-to-unsecured","/best/best-secured-credit-cards/","","What secured credit cards graduate to unsecured?",159,1,true,false,false
"what-should-you-know-about-sba-7a-loan-application-form","/best/best-sba-loans/","","What should you know about SBA 7a loan application form?",146,0.86,true,false,false
"what-should-you-know-about-sba-loan-income-requirements","/best/best-sba-loans/","","What should you know about SBA loan income requirements?",146,0.71,true,false,false
"what-should-you-know-about-first-time-business-loan-requirements","/best/best-small-business-loans/","","What should you know about first time business loan requirements?",147,0.63,true,false,false
"what-should-you-know-about-invoice-factoring-explained","/best/best-invoice-factoring/","","What should you know about invoice factoring explained?",155,0.5,true,false,false
"what-should-you-know-about-merchant-cash-advance-explained","/best/best-merchant-cash-advance/","","What should you know about merchant cash advance explained?",152,0.43,true,false,false
"what-should-you-know-about-merchant-cash-advance-interest-rates","/best/best-merchant-cash-advance/","","What should you know about merchant cash advance interest rates?",150,0.5,true,false,false
"where-can-i-get-a-personal-loan-without-credit-check","/best/best-personal-loan-lenders/","","Where can I get a personal loan without credit check?",148,0.5,true,false,false
"where-can-i-get-funding-for-my-business","/best/best-startup-business-loans/","","Where can I get funding for my business?",157,0.67,true,false,false
"are-business-loans-cheaper-than-personal-loans","/best/best-small-business-loans/","","Are business loans cheaper than personal loans?",155,0.8,true,false,false
"are-credit-builder-loans-good","/best/best-credit-builder-loans/","","Are credit builder loans good?",156,1,true,false,false
"are-credit-monitoring-services-safe","/best/best-credit-monitoring-services/","","Are credit monitoring services safe?",158,1,true,false,false
"are-personal-loans-instant","/best/cheapest-personal-loans/","","Are personal loans instant?",151,1,true,false,false
"can-i-dispute-credit-report-online","/best/best-credit-repair-companies/","","Can I dispute credit report online?",152,1,true,false,false
"can-i-get-a-100k-business-loan","/best/best-small-business-loans/","","Can I get a 100k business loan?",149,0.67,true,false,false
"can-i-get-a-personal-loan-with-580-credit-score","/best/best-bad-credit-business-loans/","","Can I get a personal loan with 580 credit score?",151,1,true,false,false
"can-i-get-credit-after-bankruptcy","/best/best-credit-builder-loans/","","Can I get credit after bankruptcy?",151,1,true,false,false
"can-i-get-personal-loan-with-low-cibil-score","/best/cheapest-personal-loans/","","Can I get personal loan with low cibil score?",152,1,true,false,false
"can-credit-repair-companies-remove-bankruptcies","/best/best-credit-repair-money-back-guarantee/","","Can credit repair companies remove bankruptcies?",159,1,true,false,false
"can-small-business-loans-be-forgiven","/best/best-sba-loans/","","Can small business loans be forgiven?",154,1,true,false,false
"can-you-get-a-business-loan-for-a-car","/best/best-small-business-loans/","","Can you get a business loan for a car?",159,1,true,false,false
"can-you-get-a-loan-for-a-farm","/best/best-small-business-loans/","","Can you get a loan for a farm?",149,1,true,false,false
"can-you-get-a-loan-for-medical-bills","/best/best-personal-loans-bad-credit/","","Can you get a loan for medical bills?",147,1,true,false,false
"can-you-get-a-loan-if-your-self-employed","/best/best-personal-loan-lenders/","","Can you get a loan if your self employed?",150,0.33,true,false,false
"do-i-need-a-credit-repair-company","/best/best-credit-repair-companies/","","Do I need a credit repair company?",144,0.75,true,false,false
"does-a-sba-loan-affect-your-credit","/best/best-sba-loans/","","Does a SBA loan affect your credit?",149,0.75,true,false,false
"does-a-joint-account-affect-my-credit","/best/best-credit-repair-companies/","","Does a joint account affect my credit?",151,0.75,true,false,false
"does-amazon-do-loans","/best/best-small-business-loans/","","Does amazon do loans?",152,1,true,false,false
"does-business-line-of-credit-affect-credit-score","/best/best-small-business-loans/","","Does business line of credit affect credit score?",159,1,true,false,false
"does-business-line-of-credit-show-on-credit-report","/best/best-small-business-loans/","","Does business line of credit show on credit report?",148,0.8,true,false,false
"does-debt-settlement-ruin-your-credit","/best/best-debt-relief-companies/","","Does debt settlement ruin your credit?",156,0.75,true,false,false
"does-getting-a-business-loan-affect-personal-credit","/best/best-bad-credit-business-loans/","","Does getting a business loan affect personal credit?",149,1,true,false,false
"does-personal-loan-affect-cibil-score","/best/cheapest-personal-loans/","","Does personal loan affect cibil score?",152,0.8,true,false,false
"how-big-are-small-business-loans","/best/best-small-business-loans/","","How big are small business loans?",155,0.5,true,false,false
"how-build-credit-after-bankruptcy","/best/best-credit-builder-loans/","","How build credit after bankruptcy?",158,1,true,false,false
"how-can-i-get-a-sba-loan-without-collateral","/best/best-business-lines-of-credit/","","How can I get a SBA loan without collateral?",158,1,true,false,false
"how-can-my-business-offer-financing","/best/best-startup-business-loans/","","How can my business offer financing?",158,1,true,false,false
"how-do-credit-counseling-agencies-work","/best/best-credit-counseling-agencies/","","How do credit counseling agencies work?",152,1,true,false,false
"how-do-small-businesses-get-funding","/best/best-small-business-loans/","","How do small businesses get funding?",149,1,true,false,false
"how-does-sba-disaster-loan-work","/best/best-sba-loans/","","How does SBA disaster loan work?",157,1,true,false,false
"how-does-credit-monitoring-work","/best/best-credit-monitoring-services/","","How does credit monitoring work?",156,0.67,true,false,false
"how-does-invoice-discounting-facility-work","/best/best-invoice-factoring/","","How does invoice discounting facility work?",153,0.75,true,false,false
"how-fast-does-a-credit-builder-loan-work","/best/best-credit-builder-loans/","","How fast does a credit builder loan work?",141,0.6,true,false,false
"how-long-before-foreclosure-is-removed-from-credit-report","/best/best-credit-repair-companies/","","How long before foreclosure is removed from credit report?",154,0.57,true,false,false
"how-long-does-a-personal-loan-take-to-go-through","/best/cheapest-personal-loans/","","How long does a personal loan take to go through?",153,0.6,true,false,false
"how-much-does-invoice-discounting-cost","/best/best-invoice-factoring/","","How much does invoice discounting cost?",153,0.75,true,false,false
"how-much-line-of-credit-should-a-business-have","/best/best-business-lines-of-credit/","","How much line of credit should a business have?",144,0.5,true,false,false
"how-much-will-credit-score-increase-after-foreclosure-is-removed","/best/best-credit-builder-loans/","","How much will credit score increase after foreclosure is removed?",152,0.88,true,false,false
"how-much-would-a-100-000-business-loan-cost","/best/best-small-business-loans/","","How much would a 100 000 business loan cost?",154,0.43,true,false,false
"how-to-apply-for-business-loan-from-government","/best/best-sba-loans/","","How to apply for business loan from government?",158,0.8,true,false,false
"how-to-become-a-merchant-cash-advance-broker","/best/best-merchant-cash-advance/","","How to become a merchant cash advance broker?",155,1,true,false,false
"how-to-borrow-money-for-business-startup","/best/best-startup-business-loans/","","How to borrow money for business startup?",156,1,true,false,false
"how-to-get-a-business-loan-for-equipment","/best/best-equipment-financing/","","How to get a business loan for equipment?",148,1,true,false,false
"how-to-get-a-startup-business-loan-without-collateral","/best/best-startup-business-loans/","","How to get a startup business loan without collateral?",157,1,true,false,false
"how-to-qualify-for-sba-loan-forgiveness","/best/best-sba-loans/","","How to qualify for SBA loan forgiveness?",156,0.75,true,false,false
"how-to-start-a-merchant-cash-advance-company","/best/best-merchant-cash-advance/","","How to start a merchant cash advance company?",154,1,true,false,false
"is-a-merchant-cash-advance-a-loan","/best/best-merchant-cash-advance/","","Is a merchant cash advance a loan?",151,1,true,false,false
"is-business-line-of-credit-interest-tax-deductible","/best/best-business-lines-of-credit/","","Is business line of credit interest tax deductible?",152,1,true,false,false
"is-credit-repair-business-profitable","/best/best-credit-repair-companies/","","Is credit repair business profitable?",152,1,true,false,false
"is-debt-settlement-good-or-bad","/best/best-debt-relief-companies/","","Is debt settlement good or bad?",151,1,true,false,false
"is-invoice-discounting-safe","/best/best-invoice-factoring/","","Is invoice discounting safe?",155,1,true,false,false
"is-invoice-factoring-a-good-idea","/best/best-invoice-factoring/","","Is invoice factoring a good idea?",154,1,true,false,false
"is-invoice-financing-a-good-idea","/best/best-invoice-factoring/","","Is invoice financing a good idea?",147,1,true,false,false
"is-it-a-good-time-to-get-a-personal-loan","/best/cheapest-personal-loans/","","Is it a good time to get a personal loan?",151,1,true,false,false
"should-i-get-a-business-loan-to-start-a-business","/best/best-startup-business-loans/","","Should I get a business loan to start a business?",154,0.5,true,false,false
"should-i-pay-for-credit-monitoring","/best/best-credit-monitoring-services/","","Should I pay for credit monitoring?",150,0.5,true,false,false
"should-i-pay-off-my-business-loan-early","/best/best-small-business-loans/","","Should I pay off my business loan early?",156,0.67,true,false,false
"what-are-the-best-business-cash-advance","/best/best-merchant-cash-advance/","","What are the best business cash advance?",151,1,true,false,false
"what-are-the-best-business-line-of-credit-for-bad-credit","/best/best-business-lines-of-credit/","","What are the best business line of credit for bad credit?",153,0.8,true,false,false
"what-are-the-best-business-line-of-credit-offers","/best/best-business-lines-of-credit/","","What are the best business line of credit offers?",145,1,true,false,false
"what-are-the-best-business-line-of-credit-options","/best/best-business-lines-of-credit/","","What are the best business line of credit options?",156,1,true,false,false
"what-are-the-best-business-loans-for-minorities","/best/best-small-business-loans/","","What are the best business loans for minorities?",147,1,true,false,false
"what-are-the-best-equipment-financing-rates","/best/best-equipment-financing/","","What are the best equipment financing rates?",148,1,true,false,false
"what-are-the-best-invoice-factoring-software","/best/best-invoice-factoring/","","What are the best invoice factoring software?",157,1,true,false,false
"what-are-the-best-small-business-loans-no-personal-guarantee","/best/best-personal-loan-lenders/","","What are the best small business loans no personal guarantee?",153,1,true,false,false
"what-are-the-top-sba-loan-banks","/best/best-sba-loans/","","What are the top SBA loan banks?",156,1,true,false,false
"what-are-the-top-merchant-cash-advance","/best/best-merchant-cash-advance/","","What are the top merchant cash advance?",150,1,true,false,false
"what-can-a-business-line-of-credit-be-used-for","/best/best-small-business-loans/","","What can a business line of credit be used for?",157,1,true,false,false
"what-credit-score-you-need-to-get-a-business-loan","/best/best-bad-credit-business-loans/","","What credit score do you need to get a business loan?",147,0.8,true,false,false
"what-does-invoice-factoring-cost","/best/best-invoice-factoring/","","What does invoice factoring cost?",155,0.67,true,false,false
"what-does-invoice-factoring-mean","/best/best-invoice-factoring/","","What does invoice factoring mean?",153,0.67,true,false,false
"what-is-credit-repair-business","/best/best-credit-repair-companies/","","What is credit repair business?",153,1,true,false,false
"what-is-debt-consolidation-loan-meaning","/best/best-debt-consolidation-loans/","","What is debt consolidation loan meaning?",153,0.75,true,false,false
"what-is-equipment-financing-loan","/best/best-equipment-financing/","","What is equipment financing loan?",158,1,true,false,false
"what-is-minimum-credit-score-for-personal-loan","/best/cheapest-personal-loans/","","What is minimum credit score for personal loan?",148,1,true,false,false
"what-is-small-business-financing","/best/best-small-business-loans/","","What is small business financing?",158,1,true,false,false
"what-should-you-know-about-10000-business-loan-bad-credit","/best/best-small-business-loans/","","What should you know about 10000 business loan bad credit?",154,0.5,true,false,false
"what-should-you-know-about-sba-7a-loan-approval-time","/best/best-sba-loans/","","What should you know about SBA 7a loan approval time?",139,0.71,true,false,false
"what-should-you-know-about-sba-loan-size-requirements","/best/best-sba-loans/","","What should you know about SBA loan size requirements?",158,0.57,true,false,false
"what-should-you-know-about-banks-that-do-equipment-financing","/best/best-equipment-financing/","","What should you know about banks that do equipment financing?",148,0.57,true,false,false
"what-should-you-know-about-better-business-bureau-loans-for-bad-credit","/best/best-sba-loans/","","What should you know about better business bureau loans for bad credit?",150,0.67,true,false,false
"what-should-you-know-about-business-financing-for-veterans","/best/best-small-business-loans/","","What should you know about business financing for veterans?",142,0.67,true,false,false
"what-should-you-know-about-business-line-of-credit-good-or-bad","/best/best-business-lines-of-credit/","","What should you know about business line of credit good or bad?",144,0.63,true,false,false
"what-should-you-know-about-business-loan-for-building-construction","/best/best-sba-loans/","","What should you know about business loan for building construction?",154,0.71,true,false,false
"what-should-you-know-about-commercial-loan-for-restaurant","/best/best-small-business-loans/","","What should you know about commercial loan for restaurant?",153,0.5,true,false,false
"what-should-you-know-about-equipment-financing-debt","/best/best-equipment-financing/","","What should you know about equipment financing debt?",158,0.5,true,false,false
"what-should-you-know-about-franchise-loan-interest-rates","/best/best-small-business-loans/","","What should you know about franchise loan interest rates?",157,0.57,true,false,false
"what-should-you-know-about-invoice-factoring-banks","/best/best-invoice-factoring/","","What should you know about invoice factoring banks?",157,0.5,true,false,false
"what-should-you-know-about-invoice-factoring-guide","/best/best-invoice-factoring/","","What should you know about invoice factoring guide?",158,0.5,true,false,false
"what-should-you-know-about-invoice-finance-for-new-business","/best/best-invoice-factoring/","","What should you know about invoice finance for new business?",150,0.57,true,false,false
"what-should-you-know-about-merchant-cash-advance-application-template","/best/best-merchant-cash-advance/","","What should you know about merchant cash advance application template?",151,0.63,true,false,false
"what-should-you-know-about-quick-business-cash-advance","/best/best-merchant-cash-advance/","","What should you know about quick business cash advance?",144,0.43,true,false,false
"what-should-you-know-about-quick-business-cash-loan","/best/best-merchant-cash-advance/","","What should you know about quick business cash loan?",147,0.57,true,false,false
"what-should-you-know-about-startup-business-loan-no-collateral","/best/best-startup-business-loans/","","What should you know about startup business loan no collateral?",149,0.29,true,false,false
"what-should-you-know-about-startup-business-loan-bad-credit-no-revenue","/best/best-startup-business-loans/","","What should you know about startup business loan bad credit no revenue?",153,0.56,true,false,false
"what-should-you-know-about-unsecured-business-loan-calculator","/best/best-business-lines-of-credit/","","What should you know about unsecured business loan calculator?",146,0.57,true,false,false
"what-should-you-know-about-unsecured-business-loan-instant-approval","/best/best-business-lines-of-credit/","","What should you know about unsecured business loan instant approval?",156,0.88,true,false,false
"what-should-you-know-about-used-equipment-loan-for-startup-business","/best/best-equipment-financing/","","What should you know about used equipment loan for startup business?",145,0.38,true,false,false
"when-should-i-get-a-personal-loan","/best/best-personal-loan-lenders/","","When should I get a personal loan?",158,0.5,true,false,false
"where-can-small-businesses-get-funding","/best/best-small-business-loans/","","Where can small businesses get funding?",149,1,true,false,false
"which-banks-offer-unsecured-business-loans","/best/best-business-lines-of-credit/","","Which banks offer unsecured business loans?",147,1,true,false,false
"will-joint-account-hurt-my-credit","/best/best-credit-repair-companies/","","Will joint account hurt my credit?",155,0.8,true,false,false
"are-collections-on-credit-report","/best/best-credit-repair-companies/","","Are collections on credit report?",144,1,true,false,false
"are-collections-on-your-credit-report","/best/best-credit-repair-companies/","","Are collections on your credit report?",153,0.67,true,false,false
"are-credit-builder-loans-bad","/best/best-credit-builder-loans/","","Are credit builder loans bad?",157,1,true,false,false
"are-credit-builder-loans-legit","/best/best-credit-builder-loans/","","Are credit builder loans legit?",155,0.75,true,false,false
"are-credit-card-balance-transfers-bad","/best/best-secured-credit-cards/","","Are credit card balance transfers bad?",157,0.8,true,false,false
"are-credit-card-balance-transfers-worth-it","/best/best-secured-credit-cards/","","Are credit card balance transfers worth it?",150,0.4,true,false,false
"are-credit-repair-companies-good","/best/best-credit-repair-companies/","","Are credit repair companies good?",153,1,true,false,false
"are-credit-repair-services-scams","/best/best-credit-repair-companies/","","Are credit repair services scams?",153,1,true,false,false
"are-debt-consolidation-loans-legit","/best/best-debt-consolidation-loans/","","Are debt consolidation loans legit?",154,1,true,false,false
"are-medical-collections-on-credit-report","/best/best-credit-repair-companies/","","Are medical collections on credit report?",158,0.75,true,false,false
"are-merchant-cash-advances-predatory","/best/best-merchant-cash-advance/","","Are merchant cash advances predatory?",157,1,true,false,false
"are-there-business-loans-for-veterans","/best/best-small-business-loans/","","Are there business loans for veterans?",156,0.75,true,false,false
"are-there-small-business-loans-for-veterans","/best/best-sba-loans/","","Are there small business loans for veterans?",155,0.8,true,false,false
"can-i-cancel-credit-builder-loan","/best/best-credit-builder-loans/","","Can I cancel credit builder loan?",158,1,true,false,false
"can-i-cancel-moneylion-credit-builder-loan","/best/best-credit-builder-loans/","","Can I cancel moneylion credit builder loan?",152,1,true,false,false
"can-i-dispute-a-hard-credit-inquiry","/best/best-credit-repair-companies/","","Can I dispute a hard credit inquiry?",154,1,true,false,false
"can-i-dispute-collections-on-my-credit-report","/best/best-credit-repair-companies/","","Can I dispute collections on my credit report?",156,0.75,true,false,false
"can-i-dispute-credit-card-debt","/best/best-credit-repair-companies/","","Can I dispute credit card debt?",148,1,true,false,false
"can-i-dispute-credit-report","/best/best-credit-repair-companies/","","Can I dispute credit report?",143,1,true,false,false
"can-i-freeze-credit-karma","/best/best-credit-monitoring-services/","","Can I freeze credit karma?",157,1,true,false,false
"can-i-get-sba-loan-without-collateral","/best/best-sba-loans/","","Can I get SBA loan without collateral?",159,0.75,true,false,false
"can-i-get-a-sba-loan-to-start-a-business","/best/best-sba-loans/","","Can I get a SBA loan to start a business?",149,1,true,false,false
"can-i-get-a-credit-builder-loan","/best/best-credit-builder-loans/","","Can I get a credit builder loan?",152,1,true,false,false
"can-i-get-a-loan-if-i-m-self-employed","/best/best-personal-loan-lenders/","","Can I get a loan if I'm self employed?",149,0.33,true,false,false
"can-i-get-a-loan-to-start-my-business","/best/best-startup-business-loans/","","Can I get a loan to start my business?",145,1,true,false,false
"can-i-get-a-new-business-loan-with-bad-credit","/best/best-bad-credit-business-loans/","","Can I get a new business loan with bad credit?",157,0.6,true,false,false
"can-i-get-a-personal-loan-self-employed","/best/cheapest-personal-loans/","","Can I get a personal loan self employed?",150,0.5,true,false,false
"can-i-get-a-personal-loan-with-bad-credit-and-a-cosigner","/best/cheapest-personal-loans/","","Can I get a personal loan with bad credit and a cosigner?",154,1,true,false,false
"can-i-get-a-personal-loan-with-bad-credit-from-my-bank","/best/cheapest-personal-loans/","","Can I get a personal loan with bad credit from my bank?",152,1,true,false,false
"can-i-get-a-small-business-loan-for-a-new-business","/best/best-small-business-loans/","","Can I get a small business loan for a new business?",157,0.75,true,false,false
"can-i-get-a-small-business-loan-with-a-600-credit-score","/best/best-bad-credit-business-loans/","","Can I get a small business loan with a 600 credit score?",152,0.83,true,false,false
"can-i-get-a-small-business-loan-with-an-llc","/best/best-small-business-loans/","","Can I get a small business loan with an LLC?",153,1,true,false,false
"can-i-get-a-small-business-loan-with-no-credit","/best/best-sba-loans/","","Can I get a small business loan with no credit?",156,1,true,false,false
"can-i-get-a-startup-business-loan-with-bad-credit","/best/best-startup-business-loans/","","Can I get a startup business loan with bad credit?",152,1,true,false,false
"can-i-get-a-startup-business-loan-from-government","/best/best-startup-business-loans/","Can I get a startup business loan from government?","Can I get a startup business loan from government?",155,0.6,false,false,false
"can-i-get-a-startup-business-loan-with-a-500-credit-score","/best/best-bad-credit-business-loans/","","Can I get a startup business loan with a 500 credit score?",151,1,true,false,false
"can-i-get-hard-inquiry-removed","/best/best-credit-repair-companies/","","Can I get hard inquiry removed?",150,0.67,true,false,false
"can-i-get-personal-loan-without-cibil-score","/best/cheapest-personal-loans/","","Can I get personal loan without cibil score?",153,0.8,true,false,false
"can-i-get-small-business-loan-with-bad-credit","/best/best-small-business-loans/","","Can I get a small business loan with bad credit?",154,1,true,false,false
"can-i-have-multiple-credit-builder-loans","/best/best-credit-builder-loans/","","Can I have multiple credit builder loans?",153,1,true,false,false
"can-i-pay-collections-before-it-shows-on-credit-report","/best/best-credit-repair-companies/","","Can I pay collections before it shows on credit report?",144,0.83,true,false,false
"can-i-pay-off-debt-consolidation-loan-early","/best/best-debt-consolidation-loans/","","Can I pay off debt consolidation loan early?",159,1,true,false,false
"can-i-place-a-fraud-alert-on-credit-karma","/best/best-credit-monitoring-services/","","Can I place a fraud alert on credit karma?",155,1,true,false,false
"can-i-rebuild-credit-after-bankruptcy","/best/best-credit-builder-loans/","","Can I rebuild credit after bankruptcy?",155,1,true,false,false
"can-i-transfer-a-credit-card-balance-to-another-person","/best/best-secured-credit-cards/","","Can I transfer a credit card balance to another person?",158,0.67,true,false,false
"can-i-transfer-a-credit-card-balance-to-another","/best/best-secured-credit-cards/","","Can I transfer a credit card balance to another?",157,1,true,false,false
"can-i-transfer-a-credit-card-balance-to-personal-loan","/best/best-secured-credit-cards/","","Can I transfer a credit card balance to personal loan?",155,0.83,true,false,false
"can-i-use-personal-line-of-credit-for-business","/best/best-business-lines-of-credit/","","Can I use personal line of credit for business?",156,1,true,false,false
"can-a-credit-repair-company-remove-collections","/best/best-credit-repair-companies/","","Can a credit repair company remove collections?",146,0.8,true,false,false
"can-a-non-citizen-get-an-sba-loan","/best/best-small-business-loans/","","Can a non citizen get an SBA loan?",157,0.5,true,false,false
"can-an-llc-get-a-small-business-loan","/best/best-small-business-loans/","","Can an LLC get a small business loan?",146,1,true,false,false
"can-collections-go-on-credit-report","/best/best-credit-repair-companies/","","Can collections go on credit report?",156,0.67,true,false,false
"can-credit-repair-companies-charge-upfront","/best/best-credit-repair-companies/","","Can credit repair companies charge upfront?",157,1,true,false,false
"can-credit-repair-companies-really-fix-your-credit","/best/best-credit-repair-companies/","","Can credit repair companies really fix your credit?",158,0.8,true,false,false
"can-hard-inquiry-be-removed","/best/best-credit-repair-companies/","","Can hard inquiry be removed?",155,1,true,false,false
"can-you-buy-a-truck-with-a-business-loan","/best/best-small-business-loans/","","Can you buy a truck with a business loan?",140,1,true,false,false
"can-you-dispute-a-delinquent-credit-report","/best/best-credit-repair-companies/","","Can you dispute a delinquent credit report?",158,1,true,false,false
"can-you-dispute-address-on-credit-report","/best/best-credit-repair-companies/","","Can you dispute address on credit report?",152,1,true,false,false
"can-you-dispute-negative-items-on-your-credit-report","/best/best-credit-repair-companies/","","Can you dispute negative items on your credit report?",155,1,true,false,false
"can-you-freeze-credit-on-experian-app","/best/best-credit-monitoring-services/","","Can you freeze credit on experian app?",152,1,true,false,false
"can-you-freeze-credit-with-credit-karma","/best/best-credit-monitoring-services/","","Can you freeze credit with credit karma?",157,1,true,false,false
"can-you-get-a-equipment-loan-with-bad-credit","/best/best-equipment-financing/","","Can you get a equipment loan with bad credit?",159,1,true,false,false
"can-you-get-a-line-of-credit-to-start-a-business","/best/best-business-lines-of-credit/","","Can you get a line of credit to start a business?",142,1,true,false,false
"can-you-get-a-loan-with-620-credit-score","/best/best-personal-loan-lenders/","","Can you get a loan with 620 credit score?",152,1,true,false,false
"can-you-get-a-personal-loan-for-any-reason","/best/best-personal-loan-lenders/","","Can you get a personal loan for any reason?",155,0.5,true,false,false
"can-you-get-a-personal-loan-for-credit-card-debt","/best/best-personal-loan-lenders/","","Can you get a personal loan for credit card debt?",146,1,true,false,false
"can-you-get-a-personal-loan-without-a-credit-score","/best/best-personal-loan-lenders/","","Can you get a personal loan without a credit score?",158,0.8,true,false,false
"can-you-get-a-small-business-startup-loan-with-bad-credit","/best/best-startup-business-loans/","","Can you get a small business startup loan with bad credit?",155,0.83,true,false,false
"can-you-have-multiple-business-lines-of-credit","/best/best-business-lines-of-credit/","","Can you have multiple business lines of credit?",149,0.8,true,false,false
"can-you-lock-credit-karma","/best/best-credit-monitoring-services/","","Can you lock credit karma?",153,1,true,false,false
"can-you-refinance-an-equipment-loan","/best/best-equipment-financing/","","Can you refinance an equipment loan?",156,1,true,false,false
"can-you-remove-hard-inquiries-from-car-dealership","/best/best-credit-repair-companies/","","Can you remove hard inquiries from car dealership?",152,1,true,false,false
"can-you-remove-hard-inquiry","/best/best-credit-repair-companies/","","Can you remove hard inquiry?",154,1,true,false,false
"can-you-transfer-a-credit-card-balance-to-bank-account","/best/best-secured-credit-cards/","","Can you transfer a credit card balance to bank account?",154,1,true,false,false
"can-you-use-credit-cards-at-costco","/best/best-secured-credit-cards/","","Can you use credit cards at costco?",149,1,true,false,false
"do-credit-builder-loans-help","/best/best-credit-builder-loans/","","Do credit builder loans help?",159,1,true,false,false
"do-credit-repair-companies-actually-help","/best/best-credit-repair-companies/","","Do credit repair companies actually help?",152,0.6,true,false,false
"do-immigrants-get-free-business-loans","/best/best-bad-credit-business-loans/","","Do immigrants get free business loans?",151,1,true,false,false
"do-klarna-build-credit","/best/best-credit-builder-loans/","","Do klarna build credit?",158,1,true,false,false
"do-merchant-cash-advance-report-to-credit","/best/best-merchant-cash-advance/","","Do merchant cash advance report to credit?",145,0.8,true,false,false
"do-you-need-good-credit-for-an-sba-loan","/best/best-sba-loans/","","Do you need good credit for an SBA loan?",156,1,true,false,false
"does-afterpay-build-credit","/best/best-credit-builder-loans/","","Does afterpay build credit?",149,1,true,false,false
"does-bad-credit-score-affect-car-insurance","/best/best-credit-monitoring-services/","","Does bad credit score affect car insurance?",154,0.83,true,false,false
"does-credit-builder-loans-work","/best/best-credit-builder-loans/","","Does credit builder loans work?",153,1,true,false,false
"does-credit-history-affect-car-insurance","/best/best-credit-monitoring-services/","","Does credit history affect car insurance?",151,0.8,true,false,false
"does-credit-repair-cost-money","/best/best-credit-repair-companies/","","Does credit repair cost money?",156,1,true,false,false
"does-credit-score-affect-background-check","/best/best-credit-monitoring-services/","","Does credit score affect background check?",160,0.8,true,false,false
"does-credit-score-affect-checking-account","/best/best-credit-monitoring-services/","","Does credit score affect checking account?",158,1,true,false,false
"does-credit-score-affect-employment","/best/best-credit-monitoring-services/","","Does credit score affect employment?",155,0.5,true,false,false
"does-credit-score-affect-interest-rate","/best/best-credit-monitoring-services/","","Does credit score affect interest rate?",157,0.8,true,false,false
"does-credit-score-affect-opening-checking-account","/best/best-credit-monitoring-services/","","Does credit score affect opening checking account?",158,0.67,true,false,false
"does-credit-score-affect-visa-application","/best/best-credit-monitoring-services/","","Does credit score affect visa application?",150,0.8,true,false,false
"does-credit-score-increase-car-insurance","/best/best-credit-monitoring-services/","","Does credit score increase car insurance?",155,1,true,false,false
"can-you-transfer-a-credit-card-balance","/best/best-secured-credit-cards/","","Can you transfer a credit card balance?",153,1,true,false,false
