URL,Last crawled
https://creditdoc.co/review/mutual-security/,2026-07-01
https://www.creditdoc.co/review/mutual-security/,2026-07-01
https://creditdoc.co/review/kb-pawn-loan/,2026-07-01
https://creditdoc.co/review/banc-card-of-america/,2026-07-01
https://creditdoc.co/review/victory-used-cars/,2026-07-01
https://creditdoc.co/review/gold-rush/,2026-06-30
https://creditdoc.co/review/discovery-auto-sales/,2026-06-30
https://creditdoc.co/review/troys-towing/,2026-06-30
https://creditdoc.co/review/walmart-money-center-columbus/,2026-06-30
https://creditdoc.co/review/houston-used-cars/,2026-06-30
https://creditdoc.co/review/auto-direct-buy/,2026-06-30
https://creditdoc.co/review/stonewood-funding/,2026-06-30
https://creditdoc.co/review/tucson-used-auto-center/,2026-06-30
https://creditdoc.co/review/arcade/,2026-06-29
https://creditdoc.co/review/sanchez-auto-sales/,2026-06-29
https://www.creditdoc.co/review/kroger-money-indianapolis-in/,2026-06-29
https://creditdoc.co/review/soulcycle-noho/,2026-06-29
https://creditdoc.co/review/juliana-motors/,2026-06-29
https://www.creditdoc.co/review/juliana-motors/,2026-06-29
https://creditdoc.co/review/wild-west-auto-sales/,2026-06-28
https://creditdoc.co/review/veterans-united-home-loans-of-san-diego/,2026-06-24
https://creditdoc.co/review/florida-commercial-collections-agency/,2026-06-24
https://creditdoc.co/review/jefferson-county-at-home/,2026-06-22
https://creditdoc.co/review/sewell-lexus-of-dallas-pre-owned/,2026-06-22
https://creditdoc.co/review/dupage/,2026-06-22
https://creditdoc.co/review/walmart-money-center-bartlett/,2026-06-22
https://www.creditdoc.co/categories/fix-my-credit/,2026-06-21
https://www.creditdoc.co/browse/emergency-cash/houston-texas/,2026-06-21
https://www.creditdoc.co/browse/pawn-shops/houston-texas/,2026-06-20
https://www.creditdoc.co/review/clear-lending-first-time-home-buyer-loans/,2026-06-20
https://www.creditdoc.co/review/essex-empire/,2026-06-20
https://creditdoc.co/review/gold-rush-lakewood-cash-for-gold-cash-for-silver-cash-for-diamonds/,2026-06-20
https://creditdoc.co/review/capital-title-of-texas-park-cities/,2026-06-19
https://creditdoc.co/review/sata-paydaya-fundsa/,2026-06-19
https://creditdoc.co/review/gold-rush-colorado-springs-cash-for-gold-cash-for-silver-cash-for-diamonds/,2026-06-19
https://creditdoc.co/review/a1-credit-repair/,2026-06-19
https://www.creditdoc.co/review/movement-bank-johnatan-romero/,2026-06-19
https://creditdoc.co/review/community-choice-chicago/,2026-06-19
https://www.creditdoc.co/review/valley-gold-silver-exchange/,2026-06-19
https://creditdoc.co/review/ceo-auto-group/,2026-06-19
https://www.creditdoc.co/review/ceo-auto-group/,2026-06-19
https://creditdoc.co/review/buy-one-auto/,2026-06-19
https://www.creditdoc.co/review/opeiu-local-153/,2026-06-18
https://creditdoc.co/review/vigo-philadelphia/,2026-06-18
https://www.creditdoc.co/review/drive-now-glendale/,2026-06-18
https://www.creditdoc.co/review/prestamos-por-oro/,2026-06-18
https://www.creditdoc.co/review/valley-big-rig-loans/,2026-06-18
https://www.creditdoc.co/review/golden-cash-exchange/,2026-06-18
https://creditdoc.co/review/car-finders/,2026-06-18
https://creditdoc.co/review/kroger-money-indianapolis-in/,2026-06-18
https://www.creditdoc.co/review/rolls-auto-sales/,2026-06-18
https://www.creditdoc.co/review/catholic-charities-of-central-texas/,2026-06-18
https://www.creditdoc.co/review/the-rgv-credit-repair-specialists/,2026-06-18
https://www.creditdoc.co/review/jms-consulting-firm/,2026-06-18
https://www.creditdoc.co/review/rise-above-circumstances/,2026-06-18
https://www.creditdoc.co/review/law-office-of-lisa-s-tse/,2026-06-18
https://www.creditdoc.co/review/miami-reverse-mortgage/,2026-06-18
https://creditdoc.co/review/new-world-collections/,2026-06-14
https://creditdoc.co/review/southwest-recovery/,2026-06-13
https://www.creditdoc.co/browse/check-cashing/tucson-arizona/,2026-06-12
https://creditdoc.co/review/buddys-auto-sales/,2026-06-12
https://creditdoc.co/compare/credit-saint-vs-disputebee/,2026-06-12
https://creditdoc.co/review/indy-pawn/,2026-06-11
https://creditdoc.co/review/the-center-for-growth/,2026-06-08
https://www.creditdoc.co/review/the-center-for-growth/,2026-06-08
https://creditdoc.co/review/maryland-rural-development-corporation-mrdc-family-education-center/,2026-06-06
https://creditdoc.co/review/neighborhoods-for-a-sustainable-future-fka-nhs-of-staten-island/,2026-06-06
https://www.creditdoc.co/browse/emergency-cash/north-las-vegas-nevada/,2026-06-06
https://creditdoc.co/review/car-dealer-in-detroit-mi-mvp-2/,2026-06-06
https://creditdoc.co/review/nations-capital-financing-loan-agency-kansas-city/,2026-06-06
https://creditdoc.co/review/lincoln-hills-development-corporation/,2026-06-06
https://www.creditdoc.co/review/real-management-services/,2026-06-06
https://www.creditdoc.co/review/right-credit-scores/,2026-06-06
https://www.creditdoc.co/review/reena-loans-real-estate/,2026-06-05
https://www.creditdoc.co/review/tinaes-wealth-management-credit-consulting/,2026-06-05
https://creditdoc.co/review/increditble-way/,2026-06-05
https://creditdoc.co/review/bell-road-credit-center/,2026-06-05
https://www.creditdoc.co/review/atlanta-neighborhood-development-partnership-food-distribution-center/,2026-06-04
https://creditdoc.co/review/detroit-land-bank-authority/,2026-06-04
https://creditdoc.co/review/advance-cash-nashville/,2026-06-04
https://creditdoc.co/review/gotham-fix/,2026-06-03
https://creditdoc.co/review/the-gold-rush-store-1-gold-jewelry-buyer-in-nashville-tn/,2026-06-03
https://www.creditdoc.co/review/the-gold-rush-store-1-gold-jewelry-buyer-in-nashville-tn/,2026-06-03
https://creditdoc.co/review/firstservice-residential-chicago/,2026-06-03
https://www.creditdoc.co/review/housing-opportunities-of-fort-worth-fort-worth/,2026-06-02
https://www.creditdoc.co/review/tiffany-orlando/,2026-05-31
https://creditdoc.co/review/combined-employees/,2026-05-31
https://creditdoc.co/review/total-lending-concepts-dallas-tx-mortgages/,2026-05-31
https://creditdoc.co/review/consulate-general-of-the-philippines/,2026-05-31
https://www.creditdoc.co/review/consulate-general-of-the-philippines/,2026-05-31
https://creditdoc.co/review/check-cashing-los-angeles/,2026-05-31
https://www.creditdoc.co/review/check-cashing-los-angeles/,2026-05-31
https://creditdoc.co/review/wilmington-police-fire/,2026-05-31
https://www.creditdoc.co/review/wilmington-police-fire/,2026-05-31
https://creditdoc.co/review/twins-auto-sales-of-taylor/,2026-05-31
https://creditdoc.co/review/cincinnati-cadillac/,2026-05-31
https://www.creditdoc.co/review/cincinnati-cadillac/,2026-05-31
https://creditdoc.co/review/lee-johnson-mazda-of-seattle/,2026-05-31
https://www.creditdoc.co/review/lee-johnson-mazda-of-seattle/,2026-05-31
https://creditdoc.co/review/tiffany-orlando/,2026-05-31
https://creditdoc.co/review/azteca-supermercado/,2026-05-31
https://www.creditdoc.co/review/azteca-supermercado/,2026-05-31
https://creditdoc.co/review/buy-here-pay-here-union/,2026-05-31
https://www.creditdoc.co/review/buy-here-pay-here-union/,2026-05-31
https://creditdoc.co/review/the-phone-guys-inside-a1-check-cashing/,2026-05-30
https://creditdoc.co/review/credit-pro-repair-nyc/,2026-05-30
https://www.creditdoc.co/review/don-diaz-motors/,2026-05-30
https://www.creditdoc.co/review/the-gold-buying-center/,2026-05-30
https://www.creditdoc.co/review/rivian/,2026-05-30
https://creditdoc.co/review/columbus-check-cashers/,2026-05-30
https://www.creditdoc.co/review/columbus-check-cashers/,2026-05-30
https://creditdoc.co/review/alamo-drafthouse-cinema-brooklyn/,2026-05-30
https://www.creditdoc.co/review/alamo-drafthouse-cinema-brooklyn/,2026-05-30
https://creditdoc.co/review/hermes-roadside-assistance/,2026-05-30
https://www.creditdoc.co/review/hermes-roadside-assistance/,2026-05-30
https://creditdoc.co/review/vista-cars-trucks/,2026-05-30
https://www.creditdoc.co/review/vista-cars-trucks/,2026-05-30
https://creditdoc.co/review/eds-auto-sales-and/,2026-05-30
https://www.creditdoc.co/review/eds-auto-sales-and/,2026-05-30
https://creditdoc.co/review/buy-new-car-nyc/,2026-05-30
https://www.creditdoc.co/review/buy-new-car-nyc/,2026-05-30
https://creditdoc.co/review/checks-cashed-los-angeles/,2026-05-30
https://www.creditdoc.co/review/checks-cashed-los-angeles/,2026-05-30
https://creditdoc.co/review/university-motorsports/,2026-05-30
https://www.creditdoc.co/review/university-motorsports/,2026-05-30
https://creditdoc.co/review/checks-cashed-dallas/,2026-05-30
https://www.creditdoc.co/review/checks-cashed-dallas/,2026-05-30
https://creditdoc.co/review/ferrari-of-miami/,2026-05-30
https://www.creditdoc.co/review/ferrari-of-miami/,2026-05-30
https://creditdoc.co/review/genesis-of-downtown-chicago/,2026-05-30
https://www.creditdoc.co/review/genesis-of-downtown-chicago/,2026-05-30
https://creditdoc.co/review/a1-motor-group/,2026-05-30
https://www.creditdoc.co/review/a1-motor-group/,2026-05-30
https://creditdoc.co/review/gt-motors-council-bluffs/,2026-05-30
https://www.creditdoc.co/review/gt-motors-council-bluffs/,2026-05-30
https://creditdoc.co/review/porto-rico-importing/,2026-05-30
https://www.creditdoc.co/review/porto-rico-importing/,2026-05-30
https://creditdoc.co/review/all-in-customs-motorcycles/,2026-05-30
https://www.creditdoc.co/review/all-in-customs-motorcycles/,2026-05-30
https://creditdoc.co/review/stewart-title-of-oklahoma-inc-okc-title/,2026-05-30
https://www.creditdoc.co/review/stewart-title-of-oklahoma-inc-okc-title/,2026-05-30
https://creditdoc.co/review/kroger-money-dallas/,2026-05-30
https://www.creditdoc.co/review/kroger-money-dallas/,2026-05-30
https://creditdoc.co/review/olympic-motors/,2026-05-30
https://www.creditdoc.co/review/olympic-motors/,2026-05-30
https://creditdoc.co/review/royce-chocolate-bryant-park/,2026-05-30
https://creditdoc.co/review/approved-loans-of-okc/,2026-05-30
https://www.creditdoc.co/review/approved-loans-of-okc/,2026-05-30
https://www.creditdoc.co/review/san-francisco-housing-accelerator-fund/,2026-05-30
https://creditdoc.co/review/tom-gray-motorsports/,2026-05-30
https://www.creditdoc.co/review/tom-gray-motorsports/,2026-05-30
https://creditdoc.co/review/133-approved-funding/,2026-05-30
https://www.creditdoc.co/review/133-approved-funding/,2026-05-30
https://creditdoc.co/review/new-gen-motorsports/,2026-05-30
https://www.creditdoc.co/review/new-gen-motorsports/,2026-05-30
https://creditdoc.co/review/red-noland-ineos-grenadier/,2026-05-30
https://www.creditdoc.co/review/red-noland-ineos-grenadier/,2026-05-30
https://creditdoc.co/review/nola-motorcars/,2026-05-30
https://www.creditdoc.co/review/nola-motorcars/,2026-05-30
https://creditdoc.co/review/drive-casa-harry-hines/,2026-05-30
https://www.creditdoc.co/review/drive-casa-harry-hines/,2026-05-30
https://creditdoc.co/review/u-r-approved-auto-financing/,2026-05-30
https://www.creditdoc.co/review/u-r-approved-auto-financing/,2026-05-30
https://creditdoc.co/review/7-eleven-dallas/,2026-05-30
https://www.creditdoc.co/review/7-eleven-dallas/,2026-05-30
https://creditdoc.co/review/ganas-ya-cf-hawn/,2026-05-30
https://www.creditdoc.co/review/ganas-ya-cf-hawn/,2026-05-30
https://creditdoc.co/review/the-new-car/,2026-05-30
https://www.creditdoc.co/review/the-new-car/,2026-05-30
https://creditdoc.co/review/popeyes-louisiana-kitchen/,2026-05-30
https://www.creditdoc.co/review/popeyes-louisiana-kitchen/,2026-05-30
https://creditdoc.co/review/the-loan-man/,2026-05-30
https://www.creditdoc.co/review/the-loan-man/,2026-05-30
https://creditdoc.co/review/sams-auto-sales-chicago/,2026-05-30
https://www.creditdoc.co/review/sams-auto-sales-chicago/,2026-05-30
https://creditdoc.co/review/penn-state/,2026-05-30
https://www.creditdoc.co/review/penn-state/,2026-05-30
https://creditdoc.co/review/sams-auto-mart/,2026-05-30
https://www.creditdoc.co/review/sams-auto-mart/,2026-05-30
https://creditdoc.co/review/lidl/,2026-05-30
https://www.creditdoc.co/review/lidl/,2026-05-30
https://creditdoc.co/review/honda-of-seattle/,2026-05-30
https://www.creditdoc.co/review/honda-of-seattle/,2026-05-30
https://creditdoc.co/review/ralphs-money-los-angeles/,2026-05-30
https://www.creditdoc.co/review/ralphs-money-los-angeles/,2026-05-30
https://creditdoc.co/review/rolls-royce-motor-cars-charlotte/,2026-05-30
https://www.creditdoc.co/review/rolls-royce-motor-cars-charlotte/,2026-05-30
https://creditdoc.co/review/kings-food-markets/,2026-05-30
https://www.creditdoc.co/review/kings-food-markets/,2026-05-30
https://creditdoc.co/review/checks-cashed-payday-advance/,2026-05-30
https://www.creditdoc.co/review/checks-cashed-payday-advance/,2026-05-30
https://www.creditdoc.co/review/bank-of-china/,2026-05-30
https://creditdoc.co/review/lamborghini-austin/,2026-05-30
https://www.creditdoc.co/review/lamborghini-austin/,2026-05-30
https://creditdoc.co/review/don-diaz-motors/,2026-05-30
https://creditdoc.co/review/the-gold-buying-center/,2026-05-30
https://creditdoc.co/review/chrome-hearts/,2026-05-30
https://www.creditdoc.co/review/chrome-hearts/,2026-05-30
https://creditdoc.co/review/rivian/,2026-05-30
https://creditdoc.co/review/castle-check-cashing-corporation/,2026-05-30
https://www.creditdoc.co/review/castle-check-cashing-corporation/,2026-05-30
https://creditdoc.co/review/entrust-cash-advance/,2026-05-30
https://www.creditdoc.co/review/entrust-cash-advance/,2026-05-30
https://creditdoc.co/review/a-1-motors/,2026-05-30
https://www.creditdoc.co/review/a-1-motors/,2026-05-30
https://creditdoc.co/review/hillsboro-plaza/,2026-05-30
https://www.creditdoc.co/review/hillsboro-plaza/,2026-05-30
https://creditdoc.co/review/one-stop-auto-mall-and/,2026-05-30
https://www.creditdoc.co/review/one-stop-auto-mall-and/,2026-05-30
https://creditdoc.co/review/dena-motors/,2026-05-30
https://www.creditdoc.co/review/dena-motors/,2026-05-30
https://creditdoc.co/review/big-bills/,2026-05-30
https://www.creditdoc.co/review/big-bills/,2026-05-30
https://www.creditdoc.co/review/elite-auto-world/,2026-05-30
https://www.creditdoc.co/review/annex-markets/,2026-05-30
https://creditdoc.co/review/round-sky/,2026-05-30
https://www.creditdoc.co/review/round-sky/,2026-05-30
https://creditdoc.co/review/the-check-cashing-doral/,2026-05-30
https://www.creditdoc.co/review/the-check-cashing-doral/,2026-05-30
https://creditdoc.co/review/argus-check-cashing-inside-wow-supermarket/,2026-05-30
https://www.creditdoc.co/review/argus-check-cashing-inside-wow-supermarket/,2026-05-30
https://creditdoc.co/review/blue-ridge-sports-cars/,2026-05-30
https://www.creditdoc.co/review/blue-ridge-sports-cars/,2026-05-30
https://creditdoc.co/review/valley-gold-silver-exchange/,2026-05-30
https://creditdoc.co/review/indy-gold-silver-buyer/,2026-05-30
https://www.creditdoc.co/review/indy-gold-silver-buyer/,2026-05-30
https://creditdoc.co/review/the-lucky-exchange/,2026-05-30
https://www.creditdoc.co/review/the-lucky-exchange/,2026-05-30
https://creditdoc.co/review/cdc-capital-markets/,2026-05-30
https://www.creditdoc.co/review/cdc-capital-markets/,2026-05-30
https://creditdoc.co/review/carros-o-coches-bonito-barato-y-bueno-nyc/,2026-05-30
https://www.creditdoc.co/review/carros-o-coches-bonito-barato-y-bueno-nyc/,2026-05-30
https://creditdoc.co/review/the-precious-metals-group/,2026-05-30
https://www.creditdoc.co/review/the-precious-metals-group/,2026-05-30
https://creditdoc.co/review/jim-burke-ford-bakersfield/,2026-05-30
https://www.creditdoc.co/review/jim-burke-ford-bakersfield/,2026-05-30
https://creditdoc.co/review/byrider-san-antonio-west/,2026-05-30
https://www.creditdoc.co/review/byrider-san-antonio-west/,2026-05-30
https://creditdoc.co/review/jack-miller-auto-plaza/,2026-05-30
https://www.creditdoc.co/review/jack-miller-auto-plaza/,2026-05-30
https://creditdoc.co/review/leo-hamel-jewelry-gold-buyers-la-mesa/,2026-05-30
https://www.creditdoc.co/review/leo-hamel-jewelry-gold-buyers-la-mesa/,2026-05-30
https://creditdoc.co/review/a-american-debt-consolidation-hallandale-beach/,2026-05-30
https://www.creditdoc.co/review/a-american-debt-consolidation-hallandale-beach/,2026-05-30
https://creditdoc.co/review/shoprite-of-columbia-park/,2026-05-30
https://www.creditdoc.co/review/shoprite-of-columbia-park/,2026-05-30
https://creditdoc.co/review/red-noland-cadillac/,2026-05-30
https://www.creditdoc.co/review/red-noland-cadillac/,2026-05-30
https://creditdoc.co/review/babas-motorsports/,2026-05-30
https://www.creditdoc.co/review/babas-motorsports/,2026-05-30
https://creditdoc.co/review/house-of-cars-louisville/,2026-05-30
https://www.creditdoc.co/review/house-of-cars-louisville/,2026-05-30
https://creditdoc.co/review/money-talks/,2026-05-30
https://www.creditdoc.co/review/money-talks/,2026-05-30
https://creditdoc.co/review/patel-brothers/,2026-05-30
https://www.creditdoc.co/review/patel-brothers/,2026-05-30
https://creditdoc.co/review/atm-casco-check-cashing/,2026-05-30
https://www.creditdoc.co/review/atm-casco-check-cashing/,2026-05-30
https://creditdoc.co/review/fidelity-investments/,2026-05-30
https://www.creditdoc.co/review/fidelity-investments/,2026-05-30
https://creditdoc.co/review/rolls-royce-motor-cars-manhattan/,2026-05-30
https://www.creditdoc.co/review/rolls-royce-motor-cars-manhattan/,2026-05-30
https://creditdoc.co/review/precious-metals-fine-motor-cars-of-san-diego/,2026-05-30
https://www.creditdoc.co/review/precious-metals-fine-motor-cars-of-san-diego/,2026-05-30
https://creditdoc.co/review/the-sharpest-rides/,2026-05-30
https://www.creditdoc.co/review/the-sharpest-rides/,2026-05-30
https://creditdoc.co/review/docs-on-demand/,2026-05-30
https://www.creditdoc.co/review/docs-on-demand/,2026-05-30
https://creditdoc.co/review/freedom-wheels/,2026-05-30
https://www.creditdoc.co/review/freedom-wheels/,2026-05-30
https://creditdoc.co/review/gold-teeth-of-san-antonio/,2026-05-30
https://www.creditdoc.co/review/gold-teeth-of-san-antonio/,2026-05-30
https://creditdoc.co/review/abc-title-of-uptown/,2026-05-30
https://www.creditdoc.co/review/abc-title-of-uptown/,2026-05-30
https://creditdoc.co/review/san-diego-commercial-and-business-financing/,2026-05-30
https://www.creditdoc.co/review/san-diego-commercial-and-business-financing/,2026-05-30
https://creditdoc.co/review/arlington-gold-silver/,2026-05-30
https://www.creditdoc.co/review/arlington-gold-silver/,2026-05-30
https://creditdoc.co/review/irving-farm-coffee/,2026-05-30
https://www.creditdoc.co/review/irving-farm-coffee/,2026-05-30
https://creditdoc.co/review/7-eleven-austin/,2026-05-30
https://www.creditdoc.co/review/7-eleven-austin/,2026-05-30
https://creditdoc.co/review/rumble-boxing/,2026-05-30
https://www.creditdoc.co/review/rumble-boxing/,2026-05-30
https://creditdoc.co/review/family-food-mart/,2026-05-30
https://www.creditdoc.co/review/family-food-mart/,2026-05-30
https://creditdoc.co/review/bandera-shopping-center/,2026-05-30
https://www.creditdoc.co/review/bandera-shopping-center/,2026-05-30
https://creditdoc.co/review/phoenix-recovery-group/,2026-05-30
https://www.creditdoc.co/review/phoenix-recovery-group/,2026-05-30
https://creditdoc.co/review/elite-auto-world/,2026-05-30
https://creditdoc.co/review/bank-of-china/,2026-05-30
https://creditdoc.co/review/rivian-nashville/,2026-05-30
https://www.creditdoc.co/review/rivian-nashville/,2026-05-30
https://creditdoc.co/review/walmart-money-center-la-mesa/,2026-05-30
https://www.creditdoc.co/review/walmart-money-center-la-mesa/,2026-05-30
https://creditdoc.co/review/auto-plus-orlando/,2026-05-30
https://www.creditdoc.co/review/auto-plus-orlando/,2026-05-30
https://creditdoc.co/review/goldentree-asset-management/,2026-05-30
https://www.creditdoc.co/review/goldentree-asset-management/,2026-05-30
https://creditdoc.co/review/napletons-aston-martin-chicago/,2026-05-30
https://www.creditdoc.co/review/napletons-aston-martin-chicago/,2026-05-30
https://creditdoc.co/review/annex-markets/,2026-05-30
https://creditdoc.co/review/rivian-san-diego/,2026-05-30
https://www.creditdoc.co/review/rivian-san-diego/,2026-05-30
https://creditdoc.co/review/futures-financing/,2026-05-29
https://www.creditdoc.co/review/futures-financing/,2026-05-29
https://www.creditdoc.co/review/phoenix-auto-stop/,2026-05-29
https://www.creditdoc.co/review/the-trinergy-group/,2026-05-29
https://www.creditdoc.co/review/merrick-capital-cash-advance/,2026-05-29
https://www.creditdoc.co/review/twins-auto-of-dublin/,2026-05-29
https://www.creditdoc.co/review/omni-title-agency/,2026-05-29
https://www.creditdoc.co/review/consumer-financial-freedom/,2026-05-29
https://www.creditdoc.co/review/march-motors/,2026-05-29
https://www.creditdoc.co/review/flamingo-jones-plaza/,2026-05-29
https://www.creditdoc.co/review/jacksonville-regional-shopping-center/,2026-05-29
https://www.creditdoc.co/review/masters-group-auto-center/,2026-05-29
https://www.creditdoc.co/review/7th-street-food-mart/,2026-05-29
https://www.creditdoc.co/review/tesla-orlando/,2026-05-29
https://www.creditdoc.co/review/tesla-chicago/,2026-05-29
https://www.creditdoc.co/review/kc-check-cashing-buford-hwy/,2026-05-29
https://creditdoc.co/review/nacogdoches-gold-and-silver-exchange/,2026-05-29
https://www.creditdoc.co/review/nacogdoches-gold-and-silver-exchange/,2026-05-29
https://creditdoc.co/review/arizona-signature-motorsports/,2026-05-29
https://www.creditdoc.co/review/arizona-signature-motorsports/,2026-05-29
https://creditdoc.co/review/ferrari-of-austin/,2026-05-29
https://www.creditdoc.co/review/ferrari-of-austin/,2026-05-29
https://www.creditdoc.co/review/mostar-motors/,2026-05-29
https://creditdoc.co/review/check-advance/,2026-05-29
https://www.creditdoc.co/review/check-advance/,2026-05-29
https://creditdoc.co/review/qfc-money-seattle/,2026-05-29
https://www.creditdoc.co/review/qfc-money-seattle/,2026-05-29
https://creditdoc.co/review/bgs-carry-out/,2026-05-29
https://www.creditdoc.co/review/bgs-carry-out/,2026-05-29
https://creditdoc.co/review/the-alchemists-kitchen/,2026-05-29
https://www.creditdoc.co/review/the-alchemists-kitchen/,2026-05-29
https://creditdoc.co/review/march-motors/,2026-05-29
https://www.creditdoc.co/review/the-lasso-formerly-revv/,2026-05-29
https://creditdoc.co/review/merrick-capital-cash-advance/,2026-05-29
https://www.creditdoc.co/review/chucks-grocery/,2026-05-29
https://creditdoc.co/review/the-trinergy-group/,2026-05-29
https://creditdoc.co/review/phoenix-auto-stop/,2026-05-29
https://creditdoc.co/review/consumer-financial-freedom/,2026-05-29
https://creditdoc.co/review/ipic-theaters/,2026-05-29
https://www.creditdoc.co/review/hanna-cars-group/,2026-05-29
https://www.creditdoc.co/review/the-armories-oviedo/,2026-05-29
https://creditdoc.co/review/kroger-money-arlington/,2026-05-29
https://creditdoc.co/review/kc-check-cashing-buford-hwy/,2026-05-29
https://creditdoc.co/review/tesla-orlando/,2026-05-29
https://creditdoc.co/review/masters-group-auto-center/,2026-05-29
https://creditdoc.co/review/chucks-grocery/,2026-05-29
https://creditdoc.co/review/the-lasso-formerly-revv/,2026-05-29
https://creditdoc.co/review/7th-street-food-mart/,2026-05-29
https://creditdoc.co/review/jacksonville-regional-shopping-center/,2026-05-29
https://creditdoc.co/review/flamingo-jones-plaza/,2026-05-29
https://creditdoc.co/review/tesla-chicago/,2026-05-29
https://creditdoc.co/review/twins-auto-of-dublin/,2026-05-29
https://creditdoc.co/review/valley-big-rig-loans/,2026-05-29
https://creditdoc.co/review/omni-title-agency/,2026-05-29
https://creditdoc.co/review/dark-depths-games/,2026-05-29
https://creditdoc.co/review/hanna-cars-group/,2026-05-29
https://creditdoc.co/review/mostar-motors/,2026-05-29
https://creditdoc.co/review/cambio-plus-check-cashing/,2026-05-28
https://creditdoc.co/review/the-armories-oviedo/,2026-05-28
https://www.creditdoc.co/review/la-casita-market/,2026-05-28
https://www.creditdoc.co/review/sharp-cars-of-indy/,2026-05-28
https://www.creditdoc.co/review/mission-economic-development-agency/,2026-05-28
https://creditdoc.co/review/first-rate-title/,2026-05-28
https://www.creditdoc.co/review/first-rate-title/,2026-05-28
https://creditdoc.co/review/kyrillos-auto-sales/,2026-05-28
https://creditdoc.co/review/la-casita-market/,2026-05-28
https://creditdoc.co/review/fiesta-mart-1/,2026-05-28
https://www.creditdoc.co/review/fiesta-mart-1/,2026-05-28
https://creditdoc.co/review/2nd-chance-budget-debt/,2026-05-28
https://www.creditdoc.co/review/2nd-chance-budget-debt/,2026-05-28
https://creditdoc.co/review/sharp-cars-of-indy/,2026-05-28
https://www.creditdoc.co/review/san-diego-bail-bonds-by-bad-boys-bail-bonds/,2026-05-28
https://www.creditdoc.co/review/marbridgeas-credit-repair/,2026-05-28
https://creditdoc.co/review/prestamos-por-oro/,2026-05-28
https://creditdoc.co/review/new-york-marts/,2026-05-28
https://creditdoc.co/review/chucks-firearms/,2026-05-28
https://creditdoc.co/review/moto-julia/,2026-05-28
https://creditdoc.co/review/san-diego-bail-bonds-by-bad-boys-bail-bonds/,2026-05-27
https://www.creditdoc.co/review/reliant-capital-solutions/,2026-05-27
https://www.creditdoc.co/review/ez-credit-disputes/,2026-05-27
https://creditdoc.co/review/reliant-capital-solutions/,2026-05-27
https://creditdoc.co/review/the-in-house-finance/,2026-05-27
https://creditdoc.co/review/optimum-signings/,2026-05-27
https://creditdoc.co/review/lucky-lady-auto-sales/,2026-05-27
https://www.creditdoc.co/browse/pawn-shops/garland-texas/,2026-05-27
https://creditdoc.co/review/809-motors/,2026-05-27
https://www.creditdoc.co/review/809-motors/,2026-05-27
https://creditdoc.co/review/naked-famous-denim-nyc/,2026-05-27
https://www.creditdoc.co/review/naked-famous-denim-nyc/,2026-05-27
https://creditdoc.co/review/elite-community/,2026-05-26
https://creditdoc.co/review/united-loan/,2026-05-25
https://creditdoc.co/review/louisiana-catholic/,2026-05-25
https://www.creditdoc.co/review/catholic-charities/,2026-05-25
https://creditdoc.co/review/olde-good-things/,2026-05-25
https://creditdoc.co/review/midwestern-state-university/,2026-05-25
https://www.creditdoc.co/review/your-loan-depot/,2026-05-25
https://www.creditdoc.co/review/8th-street-gold-diamond-buyers/,2026-05-25
https://creditdoc.co/review/big-boys-guns-ammo-range/,2026-05-24
https://creditdoc.co/review/loancenter-title-loans-at-casa-de-cambio/,2026-05-24
https://creditdoc.co/review/the-international-bank-of-amherst/,2026-05-24
https://www.creditdoc.co/browse/pawn-shops/tucson-arizona/,2026-05-24
https://www.creditdoc.co/review/mortgage-of-texas-financial/,2026-05-24
https://www.creditdoc.co/review/credit-repair-outfit-philadelphia/,2026-05-24
https://www.creditdoc.co/browse/fix-my-credit/brooklyn-ny/,2026-05-24
https://creditdoc.co/review/marks-jewelry/,2026-05-24
https://creditdoc.co/review/kountry-boyz-firearms/,2026-05-24
https://creditdoc.co/review/dos-c-envios-de-dinero-south/,2026-05-24
https://creditdoc.co/review/central-islip-civic-council-inc/,2026-05-24
https://creditdoc.co/review/the-citizens-bank-of-edmond/,2026-05-24
https://creditdoc.co/review/ria-money-transfer-el-girasol-mexican-grocery/,2026-05-24
https://creditdoc.co/compare/the-credit-pros-vs-credit-saint/,2026-05-24
https://www.creditdoc.co/browse/emergency-cash/new-orleans-louisiana/,2026-05-24
https://creditdoc.co/review/police-fire/,2026-05-24
https://creditdoc.co/review/the-gold-guy-cash-for-gold/,2026-05-24
https://creditdoc.co/review/the-leader-dealer/,2026-05-24
https://creditdoc.co/review/martinsburg-va-center/,2026-05-24
https://creditdoc.co/review/blessed-cars/,2026-05-24
https://creditdoc.co/review/the-hamilton-bank/,2026-05-24
https://creditdoc.co/review/frayser-community-development-corporation/,2026-05-24
https://creditdoc.co/compare/lexington-law-vs-the-credit-people/,2026-05-24
https://creditdoc.co/review/sainte-marie-state-bank/,2026-05-23
https://creditdoc.co/review/coinflip-bitcoin-atm-high-society-tobacco-novelty-llc-omaha/,2026-05-23
https://creditdoc.co/review/cleveland-used-cars-guaranteed-auto-finance/,2026-05-23
https://creditdoc.co/review/tampa-bay-cdc-dba-suncoast-housing-connections/,2026-05-23
https://creditdoc.co/review/law-office-of-eric-k-jackson-pllc-dallas-bankruptcy-and-immigration-attorney/,2026-05-23
https://creditdoc.co/review/your-loan-depot/,2026-05-23
https://creditdoc.co/review/catholic-charities/,2026-05-23
https://creditdoc.co/review/eastern-eight-community-development-corp/,2026-05-23
https://creditdoc.co/review/blissfield-state-bank/,2026-05-23
https://creditdoc.co/review/new-orleans-silver-and-gold/,2026-05-22
https://creditdoc.co/review/nationwide-auto-sales-and-finance/,2026-05-22
https://creditdoc.co/review/carnegie-mellon-racing/,2026-05-22
https://creditdoc.co/review/25-stars-auto-sales/,2026-05-22
https://creditdoc.co/review/columbus-auto-group-west/,2026-05-22
https://creditdoc.co/review/breads-bakery-rockefeller-center/,2026-05-22
https://www.creditdoc.co/review/underdog-credit-consulting/,2026-05-22
https://creditdoc.co/review/alliance-gold-and-silver-exchange/,2026-05-22
https://creditdoc.co/review/sikeston-public-schools/,2026-05-22
https://creditdoc.co/review/ea-motorsport/,2026-05-22
https://www.creditdoc.co/review/amigo-loan/,2026-05-22
https://creditdoc.co/review/san-francisco/,2026-05-21
https://creditdoc.co/review/vigo-seattle/,2026-05-21
https://creditdoc.co/review/dallas-cars-of-texas/,2026-05-21
https://creditdoc.co/review/auto-bank-of-kansas-city-kansas-city/,2026-05-21
https://creditdoc.co/review/the-glen-burnie-mutual-savings-bank/,2026-05-21
https://creditdoc.co/review/heatwor-cedit-repair-detroit/,2026-05-21
https://creditdoc.co/review/power-financial/,2026-05-20
https://creditdoc.co/review/omni-title/,2026-05-20
https://creditdoc.co/review/the-town-law/,2026-05-20
https://creditdoc.co/review/speedy-miami-envío-de-dinero-y-paquetes-a-centro-y-sur-américa-envío-dentro-de-estados-unidos-in-god-we-trust/,2026-05-20
https://creditdoc.co/review/first-state-bank-of-forrest/,2026-05-20
https://creditdoc.co/review/pjs-auto-sales/,2026-05-20
https://creditdoc.co/review/colfax-motors/,2026-05-19
https://creditdoc.co/review/telamon-corporation-macon-branch/,2026-05-19
https://creditdoc.co/review/cash-for-gold-we-buy-gold-silver-luxury-watches-diamond-coins-los-angeles/,2026-05-19
https://creditdoc.co/review/pepco/,2026-05-19
https://creditdoc.co/review/i-10-autoplex/,2026-05-19
https://creditdoc.co/review/paisano-cars-trucks-and-suvs-2/,2026-05-19
https://creditdoc.co/review/group-1-toyota-north-austin-pre-owned-vehicles/,2026-05-19
https://creditdoc.co/review/3f-auto-sales-llc-albuquerque-nm/,2026-05-19
https://creditdoc.co/review/prestamo-por-titulo-de-auto-mvp-bell-gardens/,2026-05-19
https://creditdoc.co/review/2nd-chance-auto-of-smithfield-buy-here-pay-here/,2026-05-19
https://creditdoc.co/review/ria-money-transfer-la-luna-tienda-latina/,2026-05-19
https://creditdoc.co/review/ria-money-transfer-mercado-latino-los-compadres/,2026-05-19
https://www.creditdoc.co/review/piedmont-gold-exchange-refinery/,2026-05-19
https://creditdoc.co/review/germania/,2026-05-18
https://creditdoc.co/review/barri-envios-de-dinero-cambio-de-cheques-y-paqueteria-la-bandera-money-express/,2026-05-18
https://creditdoc.co/review/al-fernando-group/,2026-05-18
https://creditdoc.co/review/st-bernard-parish-school-board-emp/,2026-05-18
https://creditdoc.co/review/seg/,2026-05-18
https://creditdoc.co/review/elite-motors-brooklyn/,2026-05-18
https://creditdoc.co/review/auto-palace/,2026-05-18
https://www.creditdoc.co/review/cash-fast-title-loans/,2026-05-18
https://creditdoc.co/review/improve-credit-consulting-firm/,2026-05-18
https://creditdoc.co/review/opp-micolas/,2026-05-18
https://creditdoc.co/review/haddon-savings-bank/,2026-05-18
https://creditdoc.co/review/luxury-lifestyles-the-buying-house/,2026-05-18
https://creditdoc.co/review/auto-liquidators-plus-arlington/,2026-05-18
https://www.creditdoc.co/review/closing-masters-garage-doors/,2026-05-18
https://creditdoc.co/review/lmj-auto-motors-sales/,2026-05-18
https://creditdoc.co/review/primesouth-bank/,2026-05-18
https://creditdoc.co/review/uptown-cheapskate-tampa/,2026-05-18
https://creditdoc.co/review/shelby-savings-bank-ssb/,2026-05-18
https://creditdoc.co/review/ywca-metropolitan-chicago/,2026-05-18
https://creditdoc.co/review/city-of-san-antoniodept-of-neighborhood-and-housing-services-dnhs/,2026-05-18
https://creditdoc.co/review/lakeshore/,2026-05-18
https://creditdoc.co/review/urban-league-of-greater-hartford-inc/,2026-05-18
https://creditdoc.co/review/lakeside-auto-exchange/,2026-05-18
https://creditdoc.co/review/district-7-human-resources-development-council/,2026-05-18
https://creditdoc.co/review/portal-motors/,2026-05-18
https://creditdoc.co/review/community-investment-corporation-of-decatur-inc/,2026-05-18
https://creditdoc.co/review/local-union-392/,2026-05-17
https://creditdoc.co/city/cedar-park-texas/,2026-05-17
https://creditdoc.co/city/halethorpe-maryland/,2026-05-17
https://creditdoc.co/review/credit-justice-services/,2026-05-17
https://creditdoc.co/review/genesis-housing-corporation/,2026-05-17
https://creditdoc.co/review/austin-subaru/,2026-05-17
https://creditdoc.co/review/popular-motors/,2026-05-17
https://creditdoc.co/review/heart-matters-nyc-counseling-sobeyda-valle-ellis-lcsw/,2026-05-17
https://www.creditdoc.co/review/the-pa-kar-store/,2026-05-17
https://creditdoc.co/review/ny-gifts/,2026-05-17
https://www.creditdoc.co/review/dupage/,2026-05-17
https://creditdoc.co/review/potlatch-no-1-financial/,2026-05-17
https://www.creditdoc.co/review/community-choice-chicago/,2026-05-17
https://creditdoc.co/review/plumbers-fitters-local-675/,2026-05-17
https://creditdoc.co/review/multiservicios-aqui-columbus/,2026-05-16
https://creditdoc.co/review/manchester-municipal/,2026-05-16
https://creditdoc.co/review/crocs-at-34th-street/,2026-05-16
https://creditdoc.co/review/rolls-royce-motor-cars-chicago/,2026-05-16
https://creditdoc.co/review/westside-shopping-center/,2026-05-16
https://creditdoc.co/review/interstate-motor-group/,2026-05-16
https://creditdoc.co/review/pacific-check-cashing-financial/,2026-05-16
https://creditdoc.co/review/the-russell-home-thrift-store/,2026-05-16
https://creditdoc.co/review/red-sea-motors/,2026-05-16
https://creditdoc.co/review/vigo-chicago/,2026-05-16
https://creditdoc.co/review/towne-talk/,2026-05-16
https://creditdoc.co/review/cardinal-auto-mart/,2026-05-16
https://creditdoc.co/review/pacific-west-imports/,2026-05-16
https://creditdoc.co/review/burns-buy-here-pay-here-of-spartanburg/,2026-05-16
https://creditdoc.co/review/generations-community-federal-credit-union/,2026-05-16
https://creditdoc.co/review/carfect-now-serving-from-melrose-park/,2026-05-16
https://creditdoc.co/review/jp-morgan-private-bank/,2026-05-16
https://creditdoc.co/review/lee-federal-credit-union/,2026-05-16
https://creditdoc.co/review/honda-of-downtown-chicago/,2026-05-16
https://creditdoc.co/review/austin-texas-cars-and-trucks/,2026-05-16
https://creditdoc.co/review/casa-de-cambio-hispana-4/,2026-05-16
https://creditdoc.co/review/prices-pre-owned-automobilesc/,2026-05-16
https://creditdoc.co/review/byrider-columbus/,2026-05-16
https://creditdoc.co/review/la-buena-market/,2026-05-16
https://creditdoc.co/review/blackstone-shooting-sports/,2026-05-16
https://creditdoc.co/review/orange-coast-lender/,2026-05-16
https://creditdoc.co/review/casa-de-cambio-hispana-1/,2026-05-16
https://creditdoc.co/review/vigo-charlotte/,2026-05-16
https://creditdoc.co/review/matts-motorsports-sales-and-service/,2026-05-16
https://creditdoc.co/review/chardan-capital-markets/,2026-05-16
https://creditdoc.co/review/pablo-motors-arlington/,2026-05-16
https://creditdoc.co/review/sams-motorcars/,2026-05-16
https://creditdoc.co/review/lote-de-carros-usados-dallas-la-pulga-de-autos-usados-baratos-venta-de-carros-usados/,2026-05-16
https://creditdoc.co/review/a-motors-sales-and-finance-san-antonio/,2026-05-16
https://creditdoc.co/review/warner-motors/,2026-05-16
https://creditdoc.co/review/nevada-credit-council/,2026-05-16
https://creditdoc.co/review/don-juan-food-market/,2026-05-16
https://creditdoc.co/review/uptown-imports/,2026-05-16
https://creditdoc.co/review/a1-check-cashing-7/,2026-05-16
https://creditdoc.co/review/buck-mason/,2026-05-16
https://creditdoc.co/review/auto-titles-and-bonds/,2026-05-16
https://creditdoc.co/review/vigo-virginia-beach/,2026-05-16
https://creditdoc.co/review/rallye-motors-cincinnati/,2026-05-16
https://creditdoc.co/review/venchi-chocolate-gelato-columbus-circle/,2026-05-16
https://creditdoc.co/review/three-brothers/,2026-05-16
https://creditdoc.co/review/ria-money-transfer-los-reyes-market/,2026-05-16
https://creditdoc.co/review/le-jeune-jewelry-pawn-and-guns-empeños/,2026-05-16
https://creditdoc.co/review/oscar-sons-jewelers/,2026-05-16
https://creditdoc.co/review/gold-rush-littleton-cash-for-gold-cash-for-silver-cash-for-diamonds/,2026-05-16
https://creditdoc.co/review/millevoi-brothers/,2026-05-16
https://creditdoc.co/review/ria-money-transfer-pls-check-cashers-phoenix/,2026-05-16
https://creditdoc.co/review/the-debt-free-guru-financial-coach/,2026-05-16
https://creditdoc.co/review/new-car-dealers-dallas/,2026-05-16
https://creditdoc.co/review/sirius-credit-power/,2026-05-16
https://creditdoc.co/review/dallas-gold-silver-exchange/,2026-05-16
https://creditdoc.co/review/blizzard-motors/,2026-05-16
https://creditdoc.co/review/az-checks-cashed/,2026-05-16
https://creditdoc.co/review/hgreg-trucks/,2026-05-16
https://creditdoc.co/review/auto-plaza/,2026-05-16
https://creditdoc.co/review/house-of-cars-arizona-phoenix-scottsdale-tempe-mesa/,2026-05-16
https://creditdoc.co/review/ticketmaster/,2026-05-16
https://creditdoc.co/review/park-avenue-gold-exchange/,2026-05-16
https://creditdoc.co/review/rolls-royce-motor-cars-raleigh/,2026-05-16
https://creditdoc.co/review/levain-bakery-brooklyn/,2026-05-16
https://creditdoc.co/review/superstar-check-cashing/,2026-05-16
https://creditdoc.co/review/the-car-plug-nyc/,2026-05-16
https://creditdoc.co/review/bayou-title-new-orleans/,2026-05-16
https://creditdoc.co/review/valley-auto-plaza/,2026-05-16
https://creditdoc.co/review/lucky-13-motorsports/,2026-05-16
https://creditdoc.co/review/churchill-asset-management/,2026-05-16
https://creditdoc.co/review/digital-wreck/,2026-05-16
https://creditdoc.co/review/indy-luxury-motorsports/,2026-05-16
https://creditdoc.co/review/car-title-loans-san-francisco/,2026-05-16
https://creditdoc.co/review/zippy-cash-for-cars-nyc/,2026-05-16
https://creditdoc.co/review/jp-check-cashing-chicago-la-villita-3924-w-26th-st/,2026-05-16
https://creditdoc.co/review/a-gold-2-cash-exchange/,2026-05-16
https://creditdoc.co/review/gold-rush-aurora-cash-for-gold-cash-for-silver-cash-for-diamonds/,2026-05-16
https://creditdoc.co/review/a2z-express-mart/,2026-05-16
https://creditdoc.co/review/coast-to-coast-motors-shields/,2026-05-16
https://creditdoc.co/review/leading-achievers/,2026-05-16
https://creditdoc.co/review/university-of-washington-formula-motorsports/,2026-05-16
https://creditdoc.co/review/griggs-food-mart/,2026-05-16
https://creditdoc.co/review/the-auto-livery/,2026-05-16
https://creditdoc.co/review/cash-for-gold-gold-buyers-at-zaragoza-jewelers/,2026-05-16
https://creditdoc.co/review/rocky-mountain-auto-brokers/,2026-05-16
https://creditdoc.co/review/anchor-plaza/,2026-05-16
https://creditdoc.co/review/silver-state-metals/,2026-05-16
https://creditdoc.co/review/jollys-food-convenience-mart/,2026-05-16
https://creditdoc.co/review/the-credit-bar/,2026-05-16
https://creditdoc.co/review/mig-trucks/,2026-05-16
https://creditdoc.co/review/5-brothers-gourmet-market/,2026-05-16
https://creditdoc.co/review/coulter-cadillac-phoenix/,2026-05-16
https://creditdoc.co/review/auto-connections-seattle/,2026-05-16
https://creditdoc.co/review/the-law-office-of-attorney-frank-guilardi/,2026-05-16
https://creditdoc.co/review/monarch-legal-group/,2026-05-16
https://creditdoc.co/review/legacy-title-of-oklahoma/,2026-05-16
https://creditdoc.co/review/student-debt-relief-center/,2026-05-16
https://creditdoc.co/review/checks-cashed-charlotte/,2026-05-16
https://creditdoc.co/review/vigo-los-angeles/,2026-05-16
https://creditdoc.co/review/foodtown-of-prospect-heights/,2026-05-16
https://creditdoc.co/review/citywide-motors-in-house-financing/,2026-05-16
https://creditdoc.co/review/next-level-auto-center/,2026-05-16
https://creditdoc.co/review/courtesy-truck-world/,2026-05-16
https://creditdoc.co/review/argus-check-cashing-inside-danys-supermarket/,2026-05-16
https://creditdoc.co/review/vigo-mesa/,2026-05-16
https://creditdoc.co/review/richland-parish-schools/,2026-05-16
https://creditdoc.co/review/national-association-of-certified-credit-counselors/,2026-05-16
https://creditdoc.co/review/midtown-gold-and-silver-buyers/,2026-05-16
https://creditdoc.co/review/the-help-center/,2026-05-16
https://creditdoc.co/review/hot-deals-on-wheels/,2026-05-16
https://creditdoc.co/review/bradford-james-designs/,2026-05-16
https://creditdoc.co/review/ambassador-theatre/,2026-05-16
https://creditdoc.co/review/arizona-firearms/,2026-05-16
https://creditdoc.co/review/yinz-break-i-fix/,2026-05-16
https://creditdoc.co/review/az-debt-relief-group/,2026-05-16
https://creditdoc.co/review/cash-for-gold-dallas/,2026-05-16
https://creditdoc.co/review/rivian-chicago/,2026-05-16
https://creditdoc.co/review/lamborghini-lounge-nyc/,2026-05-16
https://creditdoc.co/review/payday-advance/,2026-05-16
https://creditdoc.co/review/casa-de-cambio-iyaqui/,2026-05-16
https://creditdoc.co/review/the-auto-cave-redbird-dallas/,2026-05-16
https://creditdoc.co/review/elite-auto-trucks/,2026-05-16
https://creditdoc.co/review/a-plus-auto-deals/,2026-05-16
https://creditdoc.co/review/the-car-plug/,2026-05-16
https://creditdoc.co/review/westgate-plaza/,2026-05-16
https://creditdoc.co/review/hgregcom-orlando/,2026-05-16
https://creditdoc.co/review/lincoln-morgan/,2026-05-16
https://creditdoc.co/review/marwood-plaza/,2026-05-16
https://creditdoc.co/review/pine-check-cashing-corporation/,2026-05-16
https://creditdoc.co/review/cash-for-gold-los-angeles/,2026-05-16
https://creditdoc.co/review/rivian-austin/,2026-05-16
https://creditdoc.co/review/quality-pre-owned-cars-trucks/,2026-05-16
https://creditdoc.co/review/ballston-spa-national-bank/,2026-05-16
https://creditdoc.co/review/the-family-auto-store/,2026-05-16
https://creditdoc.co/review/glenville-plaza/,2026-05-16
https://creditdoc.co/review/a-star-motors/,2026-05-16
https://creditdoc.co/review/kroger-money-cold-spring/,2026-05-16
https://creditdoc.co/review/the-faricy-boys/,2026-05-16
https://creditdoc.co/review/the-hulk-trucks/,2026-05-16
https://creditdoc.co/review/galaxy-motors/,2026-05-16
https://creditdoc.co/review/alvarez-motorsports/,2026-05-16
https://creditdoc.co/review/giant-auto-mart/,2026-05-16
https://creditdoc.co/review/federal-communications-commission/,2026-05-16
https://creditdoc.co/review/revenge-credit/,2026-05-16
https://creditdoc.co/review/vigo-omaha/,2026-05-16
https://creditdoc.co/review/lamborghini-charlotte/,2026-05-16
https://creditdoc.co/review/kvk-auto-group/,2026-05-16
https://creditdoc.co/review/gmx-motorsports/,2026-05-16
https://creditdoc.co/review/rivian-san-francis/,2026-05-16
https://creditdoc.co/review/precious-gold-buyers-gift-cards-dba-cash-4-gold-orlando-ocoee/,2026-05-16
https://creditdoc.co/review/dinos-food-mart/,2026-05-16
https://creditdoc.co/review/jason/,2026-05-16
https://creditdoc.co/review/hartsburg-state-bank/,2026-05-16
https://creditdoc.co/review/ria-money-transfer-los-paises-supermarket/,2026-05-16
https://www.creditdoc.co/review/philadelphia-association-of-community-development-corporations-pacdc/,2026-05-16
https://creditdoc.co/city/pflugerville-texas/,2026-05-16
https://creditdoc.co/review/mayra-cars-indy/,2026-05-16
https://creditdoc.co/review/pioneer-appalachia/,2026-05-16
https://creditdoc.co/review/independence-bank-independence/,2026-05-16
https://creditdoc.co/review/william-a-brownlee-credit-repair/,2026-05-16
https://creditdoc.co/review/vfs-global-india-passport-application-center/,2026-05-16
https://creditdoc.co/review/forward-loans-emma-ferguson-mortgage-broker/,2026-05-16
https://creditdoc.co/review/cars4less/,2026-05-16
https://creditdoc.co/review/terminals/,2026-05-16
https://creditdoc.co/review/easy-way-autos/,2026-05-16
https://creditdoc.co/review/flixbus-midtown/,2026-05-16
https://creditdoc.co/review/omni-motors/,2026-05-16
https://www.creditdoc.co/browse/fix-my-credit/southfield-mi/,2026-05-16
https://creditdoc.co/review/jewelry-palace/,2026-05-16
https://creditdoc.co/review/uk-auto-sales/,2026-05-15
https://creditdoc.co/review/rivas-motors/,2026-05-15
https://creditdoc.co/review/metrex/,2026-05-15
https://creditdoc.co/review/fund-for-the-city-of-new-york/,2026-05-15
https://creditdoc.co/review/edwards-chrysler-dodge-jeep-ram-village-pointe-omaha/,2026-05-15
https://creditdoc.co/review/ria-money-transfer-currency-exchange-fort-worth-ll/,2026-05-15
https://creditdoc.co/review/westchester-residential-opportunities-incorporated/,2026-05-15
https://creditdoc.co/review/overstockvehiclescom-phoenix/,2026-05-15
https://creditdoc.co/review/mattel/,2026-05-15
https://creditdoc.co/review/west-gate-bank/,2026-05-15
https://creditdoc.co/review/mi-pueblito-stassney-texaco/,2026-05-15
https://creditdoc.co/review/greater-philadelphia-community-alliance/,2026-05-15
https://creditdoc.co/review/greenspring-title-company/,2026-05-15
https://creditdoc.co/review/nyc-department-of-consumer-and-worker-protection/,2026-05-15
https://creditdoc.co/review/first-credit-bank/,2026-05-15
https://creditdoc.co/review/university-of-tennessee-extension-office/,2026-05-15
https://creditdoc.co/review/paymore-buy-sell-trade-electronics-indianapolis/,2026-05-15
https://creditdoc.co/review/americas-motor-sports-nashville/,2026-05-15
https://creditdoc.co/review/queens-auto-mall-inc-used-car-dealership-new-york/,2026-05-15
https://creditdoc.co/review/snocope/,2026-05-15
https://creditdoc.co/review/paymore-buy-sell-trade-electronics-malvern/,2026-05-15
https://creditdoc.co/city/daly-city-california/,2026-05-15
https://creditdoc.co/review/affordable-housing-center-of-pennsylvania-northeast-branch/,2026-05-15
https://creditdoc.co/review/mid-city-redevelopment-alliance/,2026-05-15
https://creditdoc.co/review/corydon-state-bank/,2026-05-15
https://creditdoc.co/review/chi-city-auto-sales/,2026-05-15
https://creditdoc.co/review/milk-bar/,2026-05-15
https://creditdoc.co/review/oak-bank/,2026-05-15
https://creditdoc.co/review/lions-share/,2026-05-15
https://creditdoc.co/review/fnbt-bank/,2026-05-15
https://creditdoc.co/review/richmond-light-employees/,2026-05-15
https://creditdoc.co/review/namrood-auto-sales/,2026-05-15
https://creditdoc.co/review/lexus-stevens-creek/,2026-05-15
https://creditdoc.co/review/loan-management-system/,2026-05-15
https://creditdoc.co/review/needham-bank/,2026-05-15
https://creditdoc.co/review/the-first-national-bank-of-orwell/,2026-05-15
https://creditdoc.co/review/longview-bank/,2026-05-15
https://creditdoc.co/review/race-auto-sales-used-cars-san-antonio-texas/,2026-05-15
https://creditdoc.co/review/solo-motorsports-atlanta-european-auto-repair-tuning/,2026-05-15
https://creditdoc.co/review/greater-southwest-development-corporation/,2026-05-15
https://creditdoc.co/review/the-pittsfield-co-operative-bank/,2026-05-15
https://creditdoc.co/review/lorain-county-urban-league/,2026-05-15
https://creditdoc.co/review/farmers-state-bank-of-emden/,2026-05-15
https://creditdoc.co/review/one-stop-auto-sale/,2026-05-15
https://creditdoc.co/review/the-farmers-and-merchants-bank/,2026-05-15
https://creditdoc.co/review/merrick-bank/,2026-05-15
https://creditdoc.co/review/community-housing-network-inc/,2026-05-15
https://creditdoc.co/review/auto-market/,2026-05-15
https://creditdoc.co/review/birmingham-urban-league-inc/,2026-05-15
https://creditdoc.co/review/onsite-used-car-inspections-portland-or/,2026-05-15
https://creditdoc.co/review/carclusive-auto-sale/,2026-05-15
https://creditdoc.co/review/midland-federal-savings-and-loan-association/,2026-05-15
https://creditdoc.co/review/approved-credit-repair-service-jacksonville-fl/,2026-05-15
https://creditdoc.co/review/orange-tree-antiques-mall/,2026-05-15
https://creditdoc.co/review/us-army-recruiting-office-times-square/,2026-05-15
https://creditdoc.co/review/defense-finance-and-accounting/,2026-05-15
https://creditdoc.co/review/discovery/,2026-05-15
https://creditdoc.co/review/we-buy-almost-anything-gold-buyers-and-silver-buyers/,2026-05-15
https://creditdoc.co/review/oakland-county-housing-counseling/,2026-05-15
https://creditdoc.co/review/canvas/,2026-05-15
https://creditdoc.co/review/diversified-auto-sales/,2026-05-15
https://creditdoc.co/review/auto-universe/,2026-05-15
https://creditdoc.co/review/envios-y-multiservicios-jimmy-2/,2026-05-15
https://creditdoc.co/review/the-first-national-bank-of-bagley/,2026-05-15
https://creditdoc.co/review/transition-resources-pendleton/,2026-05-15
https://creditdoc.co/review/garus-financial-the-super-auto-sales-store-in-raleigh-nc/,2026-05-15
https://creditdoc.co/review/catholic-charities-of-the-archdiocese-of-dubuque/,2026-05-15
https://creditdoc.co/review/a-e-auto-repair-sales-llctonys-auto-sales/,2026-05-15
https://creditdoc.co/review/southwest-neighborhood-housing-services-inc/,2026-05-15
https://creditdoc.co/review/coinflip-bitcoin-atm-everyday-convenience-store-colorado-springs/,2026-05-15
https://creditdoc.co/review/latin-united-community-housing-association/,2026-05-15
https://creditdoc.co/review/carsbuck/,2026-05-15
https://creditdoc.co/review/all-star-title/,2026-05-15
https://creditdoc.co/review/vegas-gold-buyers-buy-sell-gold-silver-platinum-in-las-vegas/,2026-05-15
https://creditdoc.co/review/telamon-corporation-tennessee-branch/,2026-05-15
https://creditdoc.co/review/commercial-state-bank-republican-city/,2026-05-15
https://creditdoc.co/review/auto-outlet-of-irvington-buy-here-pay-here-of-irvington/,2026-05-15
https://creditdoc.co/review/k1-auto/,2026-05-15
https://creditdoc.co/review/the-sleep-loft-nyc-online-mattress-showroom/,2026-05-15
https://creditdoc.co/review/maryland-rural-development-corporation-mrdc-kent-co/,2026-05-15
https://creditdoc.co/review/docs-records-vintage/,2026-05-15
https://creditdoc.co/review/first-class-auto-land-l-top-used-cars-for-sale/,2026-05-15
https://creditdoc.co/review/merrill-lynch-financial-advisor-jason-salgado/,2026-05-15
https://creditdoc.co/review/cars360/,2026-05-15
https://creditdoc.co/review/adl-auto-sales-no-interest-financing-available-in-house-financing-available/,2026-05-15
https://creditdoc.co/review/affordable-housing-center-of-pennsylvania/,2026-05-15
https://creditdoc.co/review/minnesota-lakes-bank/,2026-05-15
https://creditdoc.co/review/ria-money-transfer-envios-express/,2026-05-15
https://creditdoc.co/review/cash-for-gold-delaware-county-jewelry-open-7-days-a-week-cash-for-gold-silver-watches-diamonds/,2026-05-15
https://creditdoc.co/review/ria-money-transfer-pls-check-cashers-fort-worth/,2026-05-15
https://creditdoc.co/review/acts-housing/,2026-05-15
https://creditdoc.co/review/carfect-now-serving-you-from-melrose-park/,2026-05-15
https://creditdoc.co/review/legoland-discovery-center-new-jersey/,2026-05-15
https://creditdoc.co/review/jеrsеy-city-βuу-ηеrе-ρау-hеrе/,2026-05-15
https://creditdoc.co/review/the-harbor-bank-of-maryland/,2026-05-15
https://creditdoc.co/review/ria-money-transfer-casa-de-cambio-copal/,2026-05-15
https://creditdoc.co/review/another-time-used-cars/,2026-05-15
https://creditdoc.co/review/cambio-de-cheques-y-envios-de-dinero-el-marino/,2026-05-15
https://creditdoc.co/review/howard-tax-prep/,2026-05-15
https://creditdoc.co/review/ria-money-transfer-envios-y-mas3-multi/,2026-05-15
https://creditdoc.co/review/autocarhouston-autos-usados/,2026-05-15
https://creditdoc.co/review/international-recovery-solutions/,2026-05-15
https://creditdoc.co/review/investing-in-communities/,2026-05-15
https://creditdoc.co/review/cp-auto-center/,2026-05-15
https://creditdoc.co/review/fayette-county-community-action-agency/,2026-05-15
https://creditdoc.co/review/five-star-auto-sales/,2026-05-15
https://creditdoc.co/review/hebron-jewelry-exchange-llc-dba-cash-for-gold-jewelry-exchange/,2026-05-15
https://creditdoc.co/review/congreso-de-latinos-unidos/,2026-05-15
https://creditdoc.co/review/cfsbank/,2026-05-15
https://creditdoc.co/review/streetside-classics-phoenix/,2026-05-15
https://creditdoc.co/review/anytime-auto-group-san-antonio/,2026-05-15
https://creditdoc.co/review/ria-money-transfer-duran-1/,2026-05-15
https://creditdoc.co/review/chautauqua-opportunities-incorporated-dunkirk/,2026-05-15
https://creditdoc.co/review/dollar-car-rental-manhattan-west-55th-st-a-level-00601-20/,2026-05-15
https://creditdoc.co/review/manhattan-mental-health-counseling/,2026-05-15
https://creditdoc.co/review/5405-pleasent-valley-rd/,2026-05-15
https://creditdoc.co/review/guaranty-bank-and-trust-company-new-roads/,2026-05-15
https://creditdoc.co/review/mycreditcounselor-andrew-weber/,2026-05-15
https://creditdoc.co/review/community-point-bank/,2026-05-15
https://creditdoc.co/review/jake-sweeney-used-cars-smart-credit-department/,2026-05-15
https://creditdoc.co/review/unsecured-loans-chicago/,2026-05-15
https://creditdoc.co/review/berks-community-action-program-inc/,2026-05-15
https://creditdoc.co/review/blue-valley-community-action-partnership/,2026-05-15
https://creditdoc.co/review/ohio-state-university-extension-fulton-county/,2026-05-15
https://creditdoc.co/review/tio-rico-te-ayuda-loan-centers/,2026-05-15
https://creditdoc.co/review/reliable-autos-dot-vehicle-inspection-and-full-service-mechanic-shop/,2026-05-15
https://creditdoc.co/review/exotic-puff-smoke-vape-wellness-smoke-shop-near-me-thc-a-dispensary/,2026-05-15
https://creditdoc.co/review/carvana-chrysler-dodge-jeep-ram-fiat-park-cities/,2026-05-15
https://creditdoc.co/review/parishioners/,2026-05-15
https://creditdoc.co/review/housing-authority-of-the-county-of-butler/,2026-05-15
https://creditdoc.co/review/gold-diamonds-direct/,2026-05-15
https://creditdoc.co/review/telamon-corporation-raleigh-branch/,2026-05-15
https://creditdoc.co/review/buy-here-miami-auto-sales/,2026-05-15
https://creditdoc.co/review/action-for-boston-community-development-inc/,2026-05-15
https://creditdoc.co/city/stone-mountain-georgia/,2026-05-15
https://creditdoc.co/review/mission-economic-development-association-meda/,2026-05-15
https://creditdoc.co/review/the-upscores-group-financial-consultancy/,2026-05-15
https://creditdoc.co/review/med-auto-group-car-dealership-auto-body-repair/,2026-05-15
https://creditdoc.co/review/ybor-auto-mall/,2026-05-15
https://creditdoc.co/review/pennys-auto-sales/,2026-05-15
https://creditdoc.co/review/nearby-notary-llc-auto-tag-title-notary-public/,2026-05-15
https://creditdoc.co/review/car-credit-center/,2026-05-15
https://creditdoc.co/review/caspian-auto-sales/,2026-05-15
https://creditdoc.co/review/keybank/,2026-05-15
https://creditdoc.co/review/erba-clark-county-outreach-office/,2026-05-15
https://creditdoc.co/review/members/,2026-05-15
https://creditdoc.co/review/the-affordable-housing-corporation-of-marion-indiana/,2026-05-15
https://creditdoc.co/review/corebank/,2026-05-15
https://creditdoc.co/review/interfaith-community-housing-of-delaware/,2026-05-15
https://creditdoc.co/review/auto-world-of-sacramento-used-car-dealership-sacramento/,2026-05-15
https://creditdoc.co/review/trust-auto-sales/,2026-05-15
https://creditdoc.co/review/cfsc-currency-exchange-lincoln-avenue-check-cashing-and-auto-license/,2026-05-15
https://creditdoc.co/review/francois-capital/,2026-05-15
https://creditdoc.co/review/car-sales/,2026-05-15
https://creditdoc.co/review/campbellsville-housing-and-redevelopment-authority/,2026-05-15
https://creditdoc.co/review/phil-long-lincoln/,2026-05-15
https://creditdoc.co/review/bridgeport-neighborhood-trust/,2026-05-15
https://creditdoc.co/review/bank-of-the-southwest/,2026-05-15
https://creditdoc.co/review/panda-law-firm/,2026-05-15
https://creditdoc.co/review/comprehensive-medpsych-systems-of-florida/,2026-05-15
https://creditdoc.co/city/st-augustine-florida/,2026-05-15
https://creditdoc.co/review/nashville-auto-sales-of-murfreesboro-rd/,2026-05-15
https://creditdoc.co/review/it-can-be-hard-to-face-your-credit-after-a-period-of-financial-difficulty/,2026-05-15
https://creditdoc.co/review/best-automotive-llc-buy-here-pay-here-apopka-fl/,2026-05-15
https://creditdoc.co/review/mt-zion-indianapolis/,2026-05-15
https://creditdoc.co/review/pawn-shop-pub/,2026-05-15
https://creditdoc.co/review/leo-hamel-fine-jewelry-engagement-rings-store/,2026-05-15
https://creditdoc.co/review/reach-inc/,2026-05-15
https://creditdoc.co/review/community-resources-technicians-inc/,2026-05-15
https://creditdoc.co/review/law-office-of-jack-g-lezman-pllc-charlotte-bankruptcy-attorney/,2026-05-15
https://creditdoc.co/city/murfreesboro-tennessee/,2026-05-15
https://creditdoc.co/review/pennian-bank/,2026-05-15
https://creditdoc.co/review/security-bank-and-trust-co/,2026-05-15
https://creditdoc.co/review/habitat-for-humanity-choptank/,2026-05-15
https://creditdoc.co/city/leon-valley-texas/,2026-05-15
https://creditdoc.co/review/columbia-motors/,2026-05-15
https://creditdoc.co/review/silex-banking-company/,2026-05-15
https://creditdoc.co/review/americas-xtreme-auto-sales-auto-repair-luxury-used-cars-trucks-dealership/,2026-05-15
https://creditdoc.co/review/phils-stationery/,2026-05-15
https://creditdoc.co/review/cruzin-state-auto/,2026-05-15
https://creditdoc.co/review/usa-auto-sales-of-central-florida/,2026-05-15
https://creditdoc.co/review/stark-motors/,2026-05-15
https://creditdoc.co/review/catholic-social-services-fall-river/,2026-05-15
https://creditdoc.co/review/gateway-car-dealer-inc-used-cars-for-sale-hillside-ave-new-york/,2026-05-15
https://creditdoc.co/review/erie-lackawanna-railroad-co-emp/,2026-05-15
https://creditdoc.co/review/opportunities-credit-union/,2026-05-15
https://creditdoc.co/review/redemption-financial-solutions/,2026-05-15
https://creditdoc.co/city/hilliard-ohio/,2026-05-15
https://creditdoc.co/review/granite-bank/,2026-05-15
https://creditdoc.co/review/rmcmiami/,2026-05-15
https://creditdoc.co/review/benchmark-auto-sales-raleigh-south-buy-here-pay-here-alternative/,2026-05-15
https://creditdoc.co/review/apoyo-financiero-san-jose-blossom-hill/,2026-05-15
https://creditdoc.co/review/dallas-county-home-loan-counseling-center/,2026-05-15
https://creditdoc.co/review/tricolor-auto-austin-frontage-rd/,2026-05-15
https://creditdoc.co/review/money-mart-previously-the-check-cashing-store-jacksonville/,2026-05-15
https://creditdoc.co/city/burien-washington/,2026-05-15
https://creditdoc.co/review/ever/,2026-05-15
https://creditdoc.co/review/erose-wellness-cafe-downtown-nashville-at-the-505/,2026-05-15
https://creditdoc.co/review/anchor-bank/,2026-05-15
https://creditdoc.co/review/simple-fast-business-funding-same-day-loans/,2026-05-15
https://creditdoc.co/review/porsche-downtown-la/,2026-05-15
https://creditdoc.co/city/miami-lakes-florida/,2026-05-15
https://creditdoc.co/review/first-american-title-insurance-company-national-commercial-pittsburgh/,2026-05-15
https://creditdoc.co/review/services/,2026-05-15
https://creditdoc.co/city/covington-kentucky/,2026-05-15
https://creditdoc.co/review/neighborimpact/,2026-05-15
https://creditdoc.co/review/cass-street-auto-sale/,2026-05-15
https://creditdoc.co/review/south-lafourche-bank-trust-company/,2026-05-15
https://creditdoc.co/review/larry-pitt-associates-pc/,2026-05-15
https://creditdoc.co/review/cash-fast-title-loans/,2026-05-15
https://creditdoc.co/review/welcome-state-bank/,2026-05-15
https://creditdoc.co/review/teamsters-council-37/,2026-05-15
https://creditdoc.co/review/underdog-credit-consulting/,2026-05-15
https://creditdoc.co/review/right-credit-scores/,2026-05-15
https://creditdoc.co/review/real-management-services/,2026-05-15
https://creditdoc.co/review/maguire-sons-auto-brokers/,2026-05-15
https://creditdoc.co/review/the-friends-experience-the-one-in-new-york-city/,2026-05-15
https://creditdoc.co/review/the-farmers-and-merchants-state-bank/,2026-05-15
https://creditdoc.co/review/de-boulle-diamond-jewelry-patek-philippe-authorized-dealer/,2026-05-15
https://creditdoc.co/review/buy-here-pay-here/,2026-05-15
https://creditdoc.co/review/austin-community-foundation/,2026-05-15
https://creditdoc.co/review/splits59/,2026-05-15
https://creditdoc.co/review/credit-card-processing-merchant/,2026-05-15
https://creditdoc.co/review/gulf-shore/,2026-05-15
https://creditdoc.co/review/official-ferrari-dealer-prancing-horse-of-nashville/,2026-05-15
https://creditdoc.co/review/texas-auto-title-transfer/,2026-05-15
https://creditdoc.co/review/cash-credit-auto-sales/,2026-05-15
https://creditdoc.co/review/phil-jackson-auto-sales/,2026-05-15
https://creditdoc.co/review/drive-away-today/,2026-05-15
https://creditdoc.co/review/u-t/,2026-05-15
https://creditdoc.co/review/community-housing-innovations-inc-white-plains/,2026-05-15
https://creditdoc.co/review/westland-auto-sales-fresnos-in-house-financing-car-dealer/,2026-05-15
https://creditdoc.co/review/joyeria-la-central-tn/,2026-05-15
https://creditdoc.co/review/affordable-housing-alliance-inc/,2026-05-15
https://creditdoc.co/review/capital-city-imports-home-of-rapid-rebuild-fix-me-rapid-solutions/,2026-05-15
https://creditdoc.co/review/kroger-money-worthington/,2026-05-15
https://creditdoc.co/review/erba-douglas-county-outreach-office/,2026-05-15
https://creditdoc.co/review/inland-empire-resource-center/,2026-05-15
https://creditdoc.co/review/pathstone-corporation-new-york/,2026-05-15
https://creditdoc.co/review/nva-motors/,2026-05-15
https://creditdoc.co/review/western-arizona-council-of-governments-wacog/,2026-05-15
https://creditdoc.co/review/telamon-corporation-martinsburg-branch/,2026-05-15
https://creditdoc.co/review/the-apple-creek-banking-company/,2026-05-15
https://creditdoc.co/review/hershey-robinson-employees/,2026-05-15
https://creditdoc.co/review/all-star-motors-jeanetta-houston-car-dealer/,2026-05-15
https://creditdoc.co/review/central-federal-savings-and-loan-association/,2026-05-15
https://creditdoc.co/review/treasure-land/,2026-05-15
https://creditdoc.co/review/smg-auto-brokers/,2026-05-15
https://creditdoc.co/city/redford-township-michigan/,2026-05-15
https://creditdoc.co/city/macclenny-florida/,2026-05-15
https://creditdoc.co/review/good-motives/,2026-05-15
https://creditdoc.co/review/first-bank-and-trust-of-fullerton/,2026-05-15
https://creditdoc.co/review/park-city/,2026-05-15
https://creditdoc.co/review/drivetime/,2026-05-15
https://creditdoc.co/review/a1-car-sale/,2026-05-15
https://creditdoc.co/review/affordable-housing-clearinghouse/,2026-05-15
https://creditdoc.co/review/jersey-city-autoland-affordable-used-car-dealer/,2026-05-15
https://creditdoc.co/review/3-brothers-auto-sales-llc-used-car-dealer-ship/,2026-05-15
https://creditdoc.co/review/bail-rescue-bonding-tennessee-bonding/,2026-05-15
https://creditdoc.co/review/neighborhoods-inc-dba-neighborworks-lincoln/,2026-05-15
https://creditdoc.co/review/philadelphia-water-revenue-bureau/,2026-05-15
https://creditdoc.co/city/avondale-arizona/,2026-05-15
https://creditdoc.co/review/micro-center/,2026-05-15
https://creditdoc.co/review/urban-league-of-greater-pittsburgh/,2026-05-15
https://creditdoc.co/review/erba-richland-county-outreach-office/,2026-05-15
https://creditdoc.co/review/inbank/,2026-05-15
https://creditdoc.co/review/korean-resource-center/,2026-05-15
https://creditdoc.co/review/affordable-housing-education-and-development-inc-ahead/,2026-05-15
https://creditdoc.co/review/crazy-herman-nevada-auto-sales-used-car-dealers-in-colorado-springs/,2026-05-15
https://creditdoc.co/review/hendrick-bmw-certified-pre-owned-south-charlotte/,2026-05-15
https://creditdoc.co/review/housing-resources-of-western-colorado/,2026-05-15
https://creditdoc.co/review/commercial-partners-title/,2026-05-15
https://creditdoc.co/review/rochelle-state-bank/,2026-05-15
https://creditdoc.co/review/neighborhood-of-affordable-housing-inc/,2026-05-15
https://creditdoc.co/city/maple-heights-ohio/,2026-05-15
https://creditdoc.co/city/fairfield-ohio/,2026-05-15
https://creditdoc.co/review/silk-rug-experts/,2026-05-15
https://creditdoc.co/review/jim-marsh-used-cars-of-las-vegas/,2026-05-15
https://creditdoc.co/review/the-greenhouse-cannabis-co-cbd-thca-flower-concentrates-more/,2026-05-15
https://creditdoc.co/review/car-financing-sacramento-inc-bad-credit-car-loans/,2026-05-15
https://creditdoc.co/review/redlands-city-employees/,2026-05-15
https://creditdoc.co/review/streamline-advance/,2026-05-15
https://creditdoc.co/review/trailer-source-of-colorado-springs-rv-sales-parts/,2026-05-15
https://creditdoc.co/review/world-finance/,2026-05-15
https://creditdoc.co/review/ducati-nyc/,2026-05-15
https://creditdoc.co/city/newport-kentucky/,2026-05-15
https://creditdoc.co/review/zavala-county-bank/,2026-05-15
https://creditdoc.co/city/spartanburg-south carolina/,2026-05-15
https://creditdoc.co/review/mutesix/,2026-05-15
https://creditdoc.co/review/teamsters-local-92/,2026-05-15
https://creditdoc.co/review/uncle/,2026-05-15
https://creditdoc.co/compare/disputebee-vs-the-credit-people/,2026-05-15
https://creditdoc.co/review/alex-auto-motors/,2026-05-15
https://creditdoc.co/review/fair-fee-legal-services-formerly-ballstaedt/,2026-05-15
https://creditdoc.co/review/city-of-panama-city-community-development-corporation/,2026-05-15
https://creditdoc.co/review/hilton-garden-inn-new-yorktimes-square-central/,2026-05-15
https://creditdoc.co/city/grove-city-ohio/,2026-05-15
https://creditdoc.co/review/origin-sc/,2026-05-15
https://creditdoc.co/review/cornerstone-community-development-corporation-nfp/,2026-05-15
https://creditdoc.co/review/goodwill-thrift-store-donation-center-river-oaks/,2026-05-15
https://creditdoc.co/review/vital-access-care-foundation/,2026-05-15
https://creditdoc.co/city/southaven-mississippi/,2026-05-15
https://creditdoc.co/review/1st-rate-2nd-hand-buy-sell-trade-consign/,2026-05-15
https://creditdoc.co/review/southwest-credit-card/,2026-05-15
https://creditdoc.co/review/dakota-west/,2026-05-15
https://creditdoc.co/review/genoa-community-bank/,2026-05-15
https://creditdoc.co/city/goodlettsville-tennessee/,2026-05-15
https://creditdoc.co/review/vip-auto-enterprise-used-car-dealer-orlando/,2026-05-15
https://creditdoc.co/review/cdcb-come-dreamcome-build/,2026-05-15
https://creditdoc.co/review/catholic-charities-of-north-louisiana/,2026-05-15
https://creditdoc.co/review/jj-auto-group-llc-used-chevy-cheap-honda-cheap-kia-used-toyota/,2026-05-15
https://creditdoc.co/review/federated-bank/,2026-05-15
https://creditdoc.co/review/affordable-debt-consolidation-debt-relief-fort-worth-texas/,2026-05-15
https://creditdoc.co/review/the-northern-trust-company/,2026-05-15
https://creditdoc.co/review/d-d-motor/,2026-05-15
https://creditdoc.co/review/xiente/,2026-05-15
https://creditdoc.co/review/sarah-poursh-designs-charlotte-north-carolina-by-appointment-only/,2026-05-15
https://creditdoc.co/review/rockland-housing-action-coalition/,2026-05-15
https://creditdoc.co/review/whisper-lakes/,2026-05-15
https://creditdoc.co/review/sigma-cred-it-consultant/,2026-05-15
https://creditdoc.co/review/first-bank-sterling/,2026-05-14