route_family,slug,url,title,h1,words,links,review_links,tool_links,answer_links,browse_links,has_form,borrowing_quiz_link,gsc_avg_position,gsc_clicks,gsc_impressions,gsc_ctr
browse_service_city,pawn-shops/san-diego-ca,https://www.creditdoc.co/browse/pawn-shops/san-diego-ca/,"Pawn Shops in San Diego, CA (2026) | CreditDoc","Pawn Shops Provider Profiles in San Diego, CA",2403,159,26,23,0,0,False,True,77.72,0,95,0
browse_service_city,pawn-shops/denver-co,https://www.creditdoc.co/browse/pawn-shops/denver-co/,"Pawn Shops in Denver, CO (2026) | CreditDoc","Pawn Shops Provider Profiles in Denver, CO",1741,150,18,23,0,0,False,True,65.63,0,51,0
browse_service_city,pawn-shops/phoenix-az,https://www.creditdoc.co/browse/pawn-shops/phoenix-az/,"Pawn Shops in Phoenix, AZ (2026) | CreditDoc","Pawn Shops Provider Profiles in Phoenix, AZ",2744,167,35,23,0,0,False,True,67.07,0,45,0
city,long-beach-ca,https://www.creditdoc.co/city/long-beach-ca/,"Credit Repair & Financial Services in Long Beach, CA (2026)",Credit Repair & Financial Services in Long Beach,2807,205,31,21,0,3,False,True,4.29,0,42,0
city,west-new-york-nj,https://www.creditdoc.co/city/west-new-york-nj/,"Credit Repair & Financial Services in West New York, NJ",Credit Repair & Financial Services in West New York,1653,178,8,21,0,1,False,True,4.93,0,40,0
city,vernon-ca,https://www.creditdoc.co/city/vernon-ca/,"Credit Repair & Financial Services in Vernon, CA (2026)",Credit Repair & Financial Services in Vernon,1417,170,10,21,0,1,False,True,7,0,32,0
city,pittsburgh-pa,https://www.creditdoc.co/city/pittsburgh-pa/,"Credit Repair & Financial Services in Pittsburgh, PA (2026)",Credit Repair & Financial Services in Pittsburgh,3533,223,42,21,0,4,False,True,5.7,0,27,0
city,new-orleans-la,https://www.creditdoc.co/city/new-orleans-la/,"Credit Repair & Financial Services in New Orleans, LA (2026)",Credit Repair & Financial Services in New Orleans,3136,211,36,21,0,3,False,True,8.04,0,26,0
city,san-jose-ca,https://www.creditdoc.co/city/san-jose-ca/,"Credit Repair & Financial Services in San Jose, CA (2026)",Credit Repair & Financial Services in San Jose,4779,241,57,21,0,6,False,True,76.69,0,26,0
city,madison-tn,https://www.creditdoc.co/city/madison-tn/,"Credit Repair & Financial Services in Madison, TN (2026)",Credit Repair & Financial Services in Madison,1995,186,18,21,0,1,False,True,64.17,0,18,0
city,decatur-ga,https://www.creditdoc.co/city/decatur-ga/,"Credit Repair & Financial Services in Decatur, GA (2026)",Credit Repair & Financial Services in Decatur,2209,191,23,21,0,1,False,True,5.19,0,16,0
city,college-park-ga,https://www.creditdoc.co/city/college-park-ga/,"Credit Repair & Financial Services in College Park, GA",Credit Repair & Financial Services in College Park,1853,182,16,21,0,0,False,True,2.87,0,15,0
city,midwest-city-ok,https://www.creditdoc.co/city/midwest-city-ok/,"Credit Repair & Financial Services in Midwest City, OK",Credit Repair & Financial Services in Midwest City,1809,182,16,21,0,0,False,True,40.33,0,15,0
city,rock-hill-sc,https://www.creditdoc.co/city/rock-hill-sc/,"Credit Repair & Financial Services in Rock Hill, SC (2026)",Credit Repair & Financial Services in Rock Hill,1808,181,13,21,0,1,False,True,76.79,0,14,0
city,bakersfield-ca,https://www.creditdoc.co/city/bakersfield-ca/,"Credit Repair & Financial Services in Bakersfield, CA (2026)",Credit Repair & Financial Services in Bakersfield,2656,203,31,21,0,3,False,True,3.31,0,13,0
city,santa-clara-ca,https://www.creditdoc.co/city/santa-clara-ca/,"Credit Repair & Financial Services in Santa Clara, CA (2026)",Credit Repair & Financial Services in Santa Clara,1855,183,13,21,0,0,False,True,8.5,0,10,0
city,bronx-ny,https://www.creditdoc.co/city/bronx-ny/,"Credit Repair & Financial Services in Bronx, NY (2026)",Credit Repair & Financial Services in Bronx,2229,192,21,21,0,1,False,True,14.4,0,10,0
city,seattle-wa,https://www.creditdoc.co/city/seattle-wa/,"Credit Repair & Financial Services in Seattle, WA (2026)",Credit Repair & Financial Services in Seattle,4308,238,52,21,0,8,False,True,4.22,0,9,0
city,los-angeles-ca,https://www.creditdoc.co/city/los-angeles-ca/,"Credit Repair & Financial Services in Los Angeles, CA (2026)",Credit Repair & Financial Services in Los Angeles,6337,274,81,21,0,12,False,True,6.13,0,8,0
city,marietta-ga,https://www.creditdoc.co/city/marietta-ga/,"Credit Repair & Financial Services in Marietta, GA (2026)",Credit Repair & Financial Services in Marietta,2124,190,19,21,0,1,False,True,35.38,0,8,0
city,grand-prairie-tx,https://www.creditdoc.co/city/grand-prairie-tx/,"Credit Repair & Financial Services in Grand Prairie, TX",Credit Repair & Financial Services in Grand Prairie,1997,185,18,21,0,1,False,True,3.71,0,7,0
city,edmond-ok,https://www.creditdoc.co/city/edmond-ok/,"Credit Repair & Financial Services in Edmond, OK (2026)",Credit Repair & Financial Services in Edmond,1608,177,14,21,0,0,False,True,24.29,0,7,0
city,arlington-tx,https://www.creditdoc.co/city/arlington-tx/,"Credit Repair & Financial Services in Arlington, TX (2026)",Credit Repair & Financial Services in Arlington,3245,215,36,21,0,4,False,True,3.33,0,6,0
city,warren-mi,https://www.creditdoc.co/city/warren-mi/,"Credit Repair & Financial Services in Warren, MI (2026)",Credit Repair & Financial Services in Warren,1733,182,14,21,0,0,False,True,3.33,0,6,0
city,knoxville-tn,https://www.creditdoc.co/city/knoxville-tn/,"Credit Repair & Financial Services in Knoxville, TN (2026)",Credit Repair & Financial Services in Knoxville,1772,181,16,21,0,0,False,True,4.33,0,6,0
city,carrollton-tx,https://www.creditdoc.co/city/carrollton-tx/,"Credit Repair & Financial Services in Carrollton, TX (2026)",Credit Repair & Financial Services in Carrollton,1712,181,11,21,0,0,False,True,24.83,0,6,0
city,dearborn-mi,https://www.creditdoc.co/city/dearborn-mi/,"Credit Repair & Financial Services in Dearborn, MI (2026)",Credit Repair & Financial Services in Dearborn,1766,183,13,21,0,0,False,True,2.4,0,5,0
city,dallas-tx,https://www.creditdoc.co/city/dallas-tx/,"Credit Repair & Financial Services in Dallas, TX (2026)",Credit Repair & Financial Services in Dallas,5916,262,74,21,0,11,False,True,3.4,0,5,0
city,sandy-springs-ga,https://www.creditdoc.co/city/sandy-springs-ga/,"Credit Repair & Financial Services in Sandy Springs, GA",Credit Repair & Financial Services in Sandy Springs,1623,175,12,21,0,0,False,True,5.2,0,5,0
city,marrero-la,https://www.creditdoc.co/city/marrero-la/,"Credit Repair & Financial Services in Marrero, LA (2026)",Credit Repair & Financial Services in Marrero,1461,173,10,21,0,0,False,True,69.6,0,5,0
city,philadelphia-pa,https://www.creditdoc.co/city/philadelphia-pa/,"Credit Repair & Financial Services in Philadelphia, PA",Credit Repair & Financial Services in Philadelphia,5986,268,77,21,0,9,False,True,3.25,0,4,0
city,omaha-ne,https://www.creditdoc.co/city/omaha-ne/,"Credit Repair & Financial Services in Omaha, NE (2026)",Credit Repair & Financial Services in Omaha,3262,216,39,21,0,5,False,True,4.5,0,4,0
city,norfolk-va,https://www.creditdoc.co/city/norfolk-va/,"Credit Repair & Financial Services in Norfolk, VA (2026)",Credit Repair & Financial Services in Norfolk,1987,185,17,21,0,1,False,True,4.75,0,4,0
city,national-city-ca,https://www.creditdoc.co/city/national-city-ca/,"Credit Repair & Financial Services in National City, CA",Credit Repair & Financial Services in National City,2266,189,19,21,0,2,False,True,5.25,0,4,0
city,highland-park-mi,https://www.creditdoc.co/city/highland-park-mi/,"Credit Repair & Financial Services in Highland Park, MI",Credit Repair & Financial Services in Highland Park,1652,178,13,21,0,0,False,True,1,0,3,0
city,oakland-ca,https://www.creditdoc.co/city/oakland-ca/,"Credit Repair & Financial Services in Oakland, CA (2026)",Credit Repair & Financial Services in Oakland,2198,192,23,21,0,1,False,True,4.33,0,3,0
city,miami-fl,https://www.creditdoc.co/city/miami-fl/,"Credit Repair & Financial Services in Miami, FL (2026)",Credit Repair & Financial Services in Miami,6510,277,82,21,0,13,False,True,5.67,0,3,0
city,goodlettsville-tn,https://www.creditdoc.co/city/goodlettsville-tn/,"Credit Repair & Financial Services in Goodlettsville, TN",Credit Repair & Financial Services in Goodlettsville,1627,180,13,21,0,0,False,True,6.33,0,3,0
city,chula-vista-ca,https://www.creditdoc.co/city/chula-vista-ca/,"Credit Repair & Financial Services in Chula Vista, CA (2026)",Credit Repair & Financial Services in Chula Vista,2203,192,16,21,0,2,False,True,8,0,3,0
city,opa-locka-fl,https://www.creditdoc.co/city/opa-locka-fl/,"Credit Repair & Financial Services in Opa-locka, FL (2026)",Credit Repair & Financial Services in Opa-locka,1587,174,10,21,0,1,False,True,8,0,3,0
city,san-ysidro-ca,https://www.creditdoc.co/city/san-ysidro-ca/,"Credit Repair & Financial Services in San Ysidro, CA (2026)",Credit Repair & Financial Services in San Ysidro,1685,176,13,21,0,0,False,True,8,0,3,0
city,jefferson-la,https://www.creditdoc.co/city/jefferson-la/,"Credit Repair & Financial Services in Jefferson, LA (2026)",Credit Repair & Financial Services in Jefferson,1387,173,10,21,0,0,False,True,24.67,0,3,0
city,riverdale-ga,https://www.creditdoc.co/city/riverdale-ga/,"Credit Repair & Financial Services in Riverdale, GA (2026)",Credit Repair & Financial Services in Riverdale,1385,173,10,21,0,0,False,True,63.33,0,3,0
city,commerce-city-co,https://www.creditdoc.co/city/commerce-city-co/,"Credit Repair & Financial Services in Commerce City, CO",Credit Repair & Financial Services in Commerce City,1541,177,12,21,0,0,False,True,65.67,0,3,0
city,van-nuys-ca,https://www.creditdoc.co/city/van-nuys-ca/,"Credit Repair & Financial Services in Van Nuys, CA (2026)",Credit Repair & Financial Services in Van Nuys,1908,180,17,21,0,0,False,True,87,0,3,0
city,hollywood-fl,https://www.creditdoc.co/city/hollywood-fl/,"Credit Repair & Financial Services in Hollywood, FL (2026)",Credit Repair & Financial Services in Hollywood,2001,188,17,21,0,0,False,True,3.5,0,2,0
city,irving-tx,https://www.creditdoc.co/city/irving-tx/,"Credit Repair & Financial Services in Irving, TX (2026)",Credit Repair & Financial Services in Irving,2326,193,24,21,0,2,False,True,4,0,2,0
city,new-york-ny,https://www.creditdoc.co/city/new-york-ny/,"Credit Repair & Financial Services in New York, NY (2026)",Credit Repair & Financial Services in New York,7477,297,89,21,0,15,False,True,6,0,2,0
city,sacramento-ca,https://www.creditdoc.co/city/sacramento-ca/,"Credit Repair & Financial Services in Sacramento, CA (2026)",Credit Repair & Financial Services in Sacramento,2922,206,35,21,0,4,False,True,6.5,0,2,0
city,bartlett-tn,https://www.creditdoc.co/city/bartlett-tn/,"Credit Repair & Financial Services in Bartlett, TN (2026)",Credit Repair & Financial Services in Bartlett,1853,184,17,21,0,1,False,True,10,0,2,0
city,tempe-az,https://www.creditdoc.co/city/tempe-az/,"Credit Repair & Financial Services in Tempe, AZ (2026)",Credit Repair & Financial Services in Tempe,2218,191,20,21,0,1,False,True,12,0,2,0
city,brandon-fl,https://www.creditdoc.co/city/brandon-fl/,"Credit Repair & Financial Services in Brandon, FL (2026)",Credit Repair & Financial Services in Brandon,1827,181,11,21,0,1,False,True,45.5,0,2,0
city,irvine-ca,https://www.creditdoc.co/city/irvine-ca/,"Credit Repair & Financial Services in Irvine, CA (2026)",Credit Repair & Financial Services in Irvine,2218,192,19,21,0,2,False,True,80,0,2,0
city,independence-mo,https://www.creditdoc.co/city/independence-mo/,"Credit Repair & Financial Services in Independence, MO",Credit Repair & Financial Services in Independence,1864,184,17,21,0,1,False,True,2,0,1,0
city,louisville-ky,https://www.creditdoc.co/city/louisville-ky/,"Credit Repair & Financial Services in Louisville, KY (2026)",Credit Repair & Financial Services in Louisville,3551,220,41,21,0,5,False,True,2,0,1,0
city,austin-tx,https://www.creditdoc.co/city/austin-tx/,"Credit Repair & Financial Services in Austin, TX (2026)",Credit Repair & Financial Services in Austin,5755,262,72,21,0,10,False,True,4,0,1,0
city,greenwood-village-co,https://www.creditdoc.co/city/greenwood-village-co/,"Credit Repair & Financial Services in Greenwood Village, CO",Credit Repair & Financial Services in Greenwood Village,1474,173,10,21,0,0,False,True,4,0,1,0
city,memphis-tn,https://www.creditdoc.co/city/memphis-tn/,"Credit Repair & Financial Services in Memphis, TN (2026)",Credit Repair & Financial Services in Memphis,5002,249,62,21,0,8,False,True,4,0,1,0
city,nashville-tn,https://www.creditdoc.co/city/nashville-tn/,"Credit Repair & Financial Services in Nashville, TN (2026)",Credit Repair & Financial Services in Nashville,5408,254,68,21,0,10,False,True,4,0,1,0
city,overland-park-ks,https://www.creditdoc.co/city/overland-park-ks/,"Credit Repair & Financial Services in Overland Park, KS",Credit Repair & Financial Services in Overland Park,1757,182,14,21,0,0,False,True,4,0,1,0
city,la-mesa-ca,https://www.creditdoc.co/city/la-mesa-ca/,"Credit Repair & Financial Services in La Mesa, CA (2026)",Credit Repair & Financial Services in La Mesa,1757,181,12,21,0,1,False,True,5,0,1,0
city,kansas-city-mo,https://www.creditdoc.co/city/kansas-city-mo/,"Credit Repair & Financial Services in Kansas City, MO (2026)",Credit Repair & Financial Services in Kansas City,3295,215,36,21,0,5,False,True,6,0,1,0
city,kingsland-ga,https://www.creditdoc.co/city/kingsland-ga/,"Credit Repair & Financial Services in Kingsland, GA (2026)",Credit Repair & Financial Services in Kingsland,1742,176,14,21,0,1,False,True,6,0,1,0
city,salt-lake-city-ut,https://www.creditdoc.co/city/salt-lake-city-ut/,"Credit Repair & Financial Services in Salt Lake City, UT",Credit Repair & Financial Services in Salt Lake City,2359,195,24,21,0,2,False,True,7,0,1,0
city,san-antonio-tx,https://www.creditdoc.co/city/san-antonio-tx/,"Credit Repair & Financial Services in San Antonio, TX (2026)",Credit Repair & Financial Services in San Antonio,6175,265,69,21,0,12,False,True,9,0,1,0
city,brooklyn-ny,https://www.creditdoc.co/city/brooklyn-ny/,"Credit Repair & Financial Services in Brooklyn, NY (2026)",Credit Repair & Financial Services in Brooklyn,4948,246,64,21,0,7,False,True,11,0,1,0
city,charlotte-nc,https://www.creditdoc.co/city/charlotte-nc/,"Credit Repair & Financial Services in Charlotte, NC (2026)",Credit Repair & Financial Services in Charlotte,5328,252,64,21,0,9,False,True,11,0,1,0
city,waukesha-wi,https://www.creditdoc.co/city/waukesha-wi/,"Credit Repair & Financial Services in Waukesha, WI (2026)",Credit Repair & Financial Services in Waukesha,1422,173,10,21,0,0,False,True,11,0,1,0
city,vista-ca,https://www.creditdoc.co/city/vista-ca/,"Credit Repair & Financial Services in Vista, CA (2026)",Credit Repair & Financial Services in Vista,1695,178,10,21,0,0,False,True,44,0,1,0
city,mesquite-tx,https://www.creditdoc.co/city/mesquite-tx/,"Credit Repair & Financial Services in Mesquite, TX (2026)",Credit Repair & Financial Services in Mesquite,1852,182,16,21,0,1,False,True,65,0,1,0
city,norcross-ga,https://www.creditdoc.co/city/norcross-ga/,"Credit Repair & Financial Services in Norcross, GA (2026)",Credit Repair & Financial Services in Norcross,1845,182,16,21,0,1,False,True,88,0,1,0
city,corpus-christi-tx,https://www.creditdoc.co/city/corpus-christi-tx/,"Credit Repair & Financial Services in Corpus Christi, TX",Credit Repair & Financial Services in Corpus Christi,1707,180,14,21,0,0,False,True,96,0,1,0
city,portland-or,https://www.creditdoc.co/city/portland-or/,"Credit Repair & Financial Services in Portland, OR (2026)",Credit Repair & Financial Services in Portland,2723,205,32,21,0,3,False,True,96,0,1,0
