route_family,slug,url,title,h1,words,links,review_links,tool_links,answer_links,browse_links,has_form,borrowing_quiz_link
city,abbeville-la,https://www.creditdoc.co/city/abbeville-la/,"Credit Repair & Financial Services in Abbeville, LA (2026)",Credit Repair & Financial Services in Abbeville,1409,173,10,21,0,0,False,True
city,akron-oh,https://www.creditdoc.co/city/akron-oh/,"Credit Repair & Financial Services in Akron, OH (2026)",Credit Repair & Financial Services in Akron,1573,175,13,21,0,1,False,True
city,albuquerque-nm,https://www.creditdoc.co/city/albuquerque-nm/,"Credit Repair & Financial Services in Albuquerque, NM (2026)",Credit Repair & Financial Services in Albuquerque,3122,213,31,21,0,4,False,True
city,alexandria-la,https://www.creditdoc.co/city/alexandria-la/,"Credit Repair & Financial Services in Alexandria, LA (2026)",Credit Repair & Financial Services in Alexandria,1453,173,10,21,0,0,False,True
city,altoona-pa,https://www.creditdoc.co/city/altoona-pa/,"Credit Repair & Financial Services in Altoona, PA (2026)",Credit Repair & Financial Services in Altoona,1492,173,12,21,0,0,False,True
city,amarillo-tx,https://www.creditdoc.co/city/amarillo-tx/,"Credit Repair & Financial Services in Amarillo, TX (2026)",Credit Repair & Financial Services in Amarillo,1698,177,15,21,0,1,False,True
city,arlington-tx,https://www.creditdoc.co/city/arlington-tx/,"Credit Repair & Financial Services in Arlington, TX (2026)",Credit Repair & Financial Services in Arlington,3245,215,36,21,0,4,False,True
city,astoria-ny,https://www.creditdoc.co/city/astoria-ny/,"Credit Repair & Financial Services in Astoria, NY (2026)",Credit Repair & Financial Services in Astoria,1594,177,12,21,0,0,False,True
city,atlanta-ga,https://www.creditdoc.co/city/atlanta-ga/,"Credit Repair & Financial Services in Atlanta, GA (2026)",Credit Repair & Financial Services in Atlanta,5540,256,71,21,0,10,False,True
city,augusta-me,https://www.creditdoc.co/city/augusta-me/,"Credit Repair & Financial Services in Augusta, ME (2026)",Credit Repair & Financial Services in Augusta,1397,171,10,21,0,0,False,True
city,aurora-co,https://www.creditdoc.co/city/aurora-co/,"Credit Repair & Financial Services in Aurora, CO (2026)",Credit Repair & Financial Services in Aurora,2784,207,32,21,0,2,False,True
city,aurora-il,https://www.creditdoc.co/city/aurora-il/,"Credit Repair & Financial Services in Aurora, IL (2026)",Credit Repair & Financial Services in Aurora,1472,176,10,21,0,0,False,True
city,austin-tx,https://www.creditdoc.co/city/austin-tx/,"Credit Repair & Financial Services in Austin, TX (2026)",Credit Repair & Financial Services in Austin,5755,262,72,21,0,10,False,True
city,avondale-az,https://www.creditdoc.co/city/avondale-az/,"Credit Repair & Financial Services in Avondale, AZ (2026)",Credit Repair & Financial Services in Avondale,1538,175,8,21,0,0,False,True
city,bakersfield-ca,https://www.creditdoc.co/city/bakersfield-ca/,"Credit Repair & Financial Services in Bakersfield, CA (2026)",Credit Repair & Financial Services in Bakersfield,2656,203,31,21,0,3,False,True
city,baltimore-md,https://www.creditdoc.co/city/baltimore-md/,"Credit Repair & Financial Services in Baltimore, MD (2026)",Credit Repair & Financial Services in Baltimore,3704,226,44,21,0,5,False,True
city,bartlett-tn,https://www.creditdoc.co/city/bartlett-tn/,"Credit Repair & Financial Services in Bartlett, TN (2026)",Credit Repair & Financial Services in Bartlett,1853,184,17,21,0,1,False,True
city,baton-rouge-la,https://www.creditdoc.co/city/baton-rouge-la/,"Credit Repair & Financial Services in Baton Rouge, LA (2026)",Credit Repair & Financial Services in Baton Rouge,1962,184,18,21,0,1,False,True
city,beaverton-or,https://www.creditdoc.co/city/beaverton-or/,"Credit Repair & Financial Services in Beaverton, OR (2026)",Credit Repair & Financial Services in Beaverton,1428,175,10,21,0,0,False,True
city,bedford-tx,https://www.creditdoc.co/city/bedford-tx/,"Credit Repair & Financial Services in Bedford, TX (2026)",Credit Repair & Financial Services in Bedford,1436,173,10,21,0,0,False,True
city,bellingham-wa,https://www.creditdoc.co/city/bellingham-wa/,"Credit Repair & Financial Services in Bellingham, WA (2026)",Credit Repair & Financial Services in Bellingham,1425,173,10,21,0,0,False,True
city,bethlehem-pa,https://www.creditdoc.co/city/bethlehem-pa/,"Credit Repair & Financial Services in Bethlehem, PA (2026)",Credit Repair & Financial Services in Bethlehem,1490,175,10,21,0,0,False,True
city,beverly-hills-ca,https://www.creditdoc.co/city/beverly-hills-ca/,"Credit Repair & Financial Services in Beverly Hills, CA",Credit Repair & Financial Services in Beverly Hills,1986,183,16,21,0,1,False,True
city,birmingham-al,https://www.creditdoc.co/city/birmingham-al/,"Credit Repair & Financial Services in Birmingham, AL (2026)",Credit Repair & Financial Services in Birmingham,2176,189,22,21,0,3,False,True
city,boise-id,https://www.creditdoc.co/city/boise-id/,"Credit Repair & Financial Services in Boise, ID (2026)",Credit Repair & Financial Services in Boise,1742,179,12,21,0,0,False,True
city,boston-ma,https://www.creditdoc.co/city/boston-ma/,"Credit Repair & Financial Services in Boston, MA (2026)",Credit Repair & Financial Services in Boston,1695,179,14,21,0,0,False,True
city,bowling-green-ky,https://www.creditdoc.co/city/bowling-green-ky/,"Credit Repair & Financial Services in Bowling Green, KY",Credit Repair & Financial Services in Bowling Green,1472,175,8,21,0,0,False,True
city,brandon-fl,https://www.creditdoc.co/city/brandon-fl/,"Credit Repair & Financial Services in Brandon, FL (2026)",Credit Repair & Financial Services in Brandon,1827,181,11,21,0,1,False,True
city,bremerton-wa,https://www.creditdoc.co/city/bremerton-wa/,"Credit Repair & Financial Services in Bremerton, WA (2026)",Credit Repair & Financial Services in Bremerton,1445,175,6,21,0,0,False,True
city,bronx-ny,https://www.creditdoc.co/city/bronx-ny/,"Credit Repair & Financial Services in Bronx, NY (2026)",Credit Repair & Financial Services in Bronx,2229,192,21,21,0,1,False,True
city,brooklyn-ny,https://www.creditdoc.co/city/brooklyn-ny/,"Credit Repair & Financial Services in Brooklyn, NY (2026)",Credit Repair & Financial Services in Brooklyn,4948,246,64,21,0,7,False,True
city,buffalo-ny,https://www.creditdoc.co/city/buffalo-ny/,"Credit Repair & Financial Services in Buffalo, NY (2026)",Credit Repair & Financial Services in Buffalo,2059,188,21,21,0,0,False,True
city,burleson-tx,https://www.creditdoc.co/city/burleson-tx/,"Credit Repair & Financial Services in Burleson, TX (2026)",Credit Repair & Financial Services in Burleson,1396,173,8,21,0,0,False,True
city,butte-mt,https://www.creditdoc.co/city/butte-mt/,"Credit Repair & Financial Services in Butte, MT (2026)",Credit Repair & Financial Services in Butte,1585,175,10,21,0,0,False,True
city,camden-nj,https://www.creditdoc.co/city/camden-nj/,"Credit Repair & Financial Services in Camden, NJ (2026)",Credit Repair & Financial Services in Camden,1553,177,12,21,0,0,False,True
city,canton-oh,https://www.creditdoc.co/city/canton-oh/,"Credit Repair & Financial Services in Canton, OH (2026)",Credit Repair & Financial Services in Canton,1589,178,11,21,0,0,False,True
city,carrollton-tx,https://www.creditdoc.co/city/carrollton-tx/,"Credit Repair & Financial Services in Carrollton, TX (2026)",Credit Repair & Financial Services in Carrollton,1712,181,11,21,0,0,False,True
city,cedar-park-tx,https://www.creditdoc.co/city/cedar-park-tx/,"Credit Repair & Financial Services in Cedar Park, TX (2026)",Credit Repair & Financial Services in Cedar Park,1471,173,10,21,0,0,False,True
city,champaign-il,https://www.creditdoc.co/city/champaign-il/,"Credit Repair & Financial Services in Champaign, IL (2026)",Credit Repair & Financial Services in Champaign,1365,171,10,21,0,0,False,True
city,charlotte-nc,https://www.creditdoc.co/city/charlotte-nc/,"Credit Repair & Financial Services in Charlotte, NC (2026)",Credit Repair & Financial Services in Charlotte,5328,252,64,21,0,9,False,True
city,chattanooga-tn,https://www.creditdoc.co/city/chattanooga-tn/,"Credit Repair & Financial Services in Chattanooga, TN (2026)",Credit Repair & Financial Services in Chattanooga,1648,177,14,21,0,0,False,True
city,chesapeake-va,https://www.creditdoc.co/city/chesapeake-va/,"Credit Repair & Financial Services in Chesapeake, VA (2026)",Credit Repair & Financial Services in Chesapeake,1433,175,10,21,0,0,False,True
city,chicago-il,https://www.creditdoc.co/city/chicago-il/,"Credit Repair & Financial Services in Chicago, IL (2026)",Credit Repair & Financial Services in Chicago,6628,278,88,21,0,12,False,True
city,chula-vista-ca,https://www.creditdoc.co/city/chula-vista-ca/,"Credit Repair & Financial Services in Chula Vista, CA (2026)",Credit Repair & Financial Services in Chula Vista,2203,192,16,21,0,2,False,True
city,cincinnati-oh,https://www.creditdoc.co/city/cincinnati-oh/,"Credit Repair & Financial Services in Cincinnati, OH (2026)",Credit Repair & Financial Services in Cincinnati,3400,220,41,21,0,5,False,True
city,claymont-de,https://www.creditdoc.co/city/claymont-de/,"Credit Repair & Financial Services in Claymont, DE (2026)",Credit Repair & Financial Services in Claymont,1611,175,12,21,0,0,False,True
city,clearwater-fl,https://www.creditdoc.co/city/clearwater-fl/,"Credit Repair & Financial Services in Clearwater, FL (2026)",Credit Repair & Financial Services in Clearwater,1579,176,10,21,0,0,False,True
city,cleveland-heights-oh,https://www.creditdoc.co/city/cleveland-heights-oh/,"Credit Repair & Financial Services in Cleveland Heights, OH",Credit Repair & Financial Services in Cleveland Heights,1378,173,8,21,0,0,False,True
city,cleveland-oh,https://www.creditdoc.co/city/cleveland-oh/,"Credit Repair & Financial Services in Cleveland, OH (2026)",Credit Repair & Financial Services in Cleveland,3050,212,37,21,0,3,False,True
city,cleveland-tn,https://www.creditdoc.co/city/cleveland-tn/,"Credit Repair & Financial Services in Cleveland, TN (2026)",Credit Repair & Financial Services in Cleveland,1606,176,13,21,0,0,False,True
city,college-park-ga,https://www.creditdoc.co/city/college-park-ga/,"Credit Repair & Financial Services in College Park, GA",Credit Repair & Financial Services in College Park,1853,182,16,21,0,0,False,True
city,colorado-springs-co,https://www.creditdoc.co/city/colorado-springs-co/,"Credit Repair & Financial Services in Colorado Springs, CO",Credit Repair & Financial Services in Colorado Springs,3610,225,42,21,0,6,False,True
city,columbus-oh,https://www.creditdoc.co/city/columbus-oh/,"Credit Repair & Financial Services in Columbus, OH (2026)",Credit Repair & Financial Services in Columbus,5806,267,70,21,0,10,False,True
city,commerce-city-co,https://www.creditdoc.co/city/commerce-city-co/,"Credit Repair & Financial Services in Commerce City, CO",Credit Repair & Financial Services in Commerce City,1541,177,12,21,0,0,False,True
city,concord-nc,https://www.creditdoc.co/city/concord-nc/,"Credit Repair & Financial Services in Concord, NC (2026)",Credit Repair & Financial Services in Concord,1589,177,10,21,0,0,False,True
city,coral-gables-fl,https://www.creditdoc.co/city/coral-gables-fl/,"Credit Repair & Financial Services in Coral Gables, FL",Credit Repair & Financial Services in Coral Gables,2151,188,17,21,0,0,False,True
city,corpus-christi-tx,https://www.creditdoc.co/city/corpus-christi-tx/,"Credit Repair & Financial Services in Corpus Christi, TX",Credit Repair & Financial Services in Corpus Christi,1707,180,14,21,0,0,False,True
city,council-bluffs-ia,https://www.creditdoc.co/city/council-bluffs-ia/,"Credit Repair & Financial Services in Council Bluffs, IA",Credit Repair & Financial Services in Council Bluffs,1659,180,13,21,0,1,False,True
city,covington-ky,https://www.creditdoc.co/city/covington-ky/,"Credit Repair & Financial Services in Covington, KY (2026)",Credit Repair & Financial Services in Covington,1391,173,8,21,0,0,False,True
city,covington-la,https://www.creditdoc.co/city/covington-la/,"Credit Repair & Financial Services in Covington, LA (2026)",Credit Repair & Financial Services in Covington,1461,171,10,21,0,0,False,True
city,cullman-al,https://www.creditdoc.co/city/cullman-al/,"Credit Repair & Financial Services in Cullman, AL (2026)",Credit Repair & Financial Services in Cullman,1386,171,10,21,0,0,False,True
city,culver-city-ca,https://www.creditdoc.co/city/culver-city-ca/,"Credit Repair & Financial Services in Culver City, CA (2026)",Credit Repair & Financial Services in Culver City,1558,175,12,21,0,0,False,True
city,dallas-tx,https://www.creditdoc.co/city/dallas-tx/,"Credit Repair & Financial Services in Dallas, TX (2026)",Credit Repair & Financial Services in Dallas,5916,262,74,21,0,11,False,True
city,dayton-oh,https://www.creditdoc.co/city/dayton-oh/,"Credit Repair & Financial Services in Dayton, OH (2026)",Credit Repair & Financial Services in Dayton,1687,179,12,21,0,0,False,True
city,dearborn-heights-mi,https://www.creditdoc.co/city/dearborn-heights-mi/,"Credit Repair & Financial Services in Dearborn Heights, MI",Credit Repair & Financial Services in Dearborn Heights,1498,173,10,21,0,0,False,True
city,dearborn-mi,https://www.creditdoc.co/city/dearborn-mi/,"Credit Repair & Financial Services in Dearborn, MI (2026)",Credit Repair & Financial Services in Dearborn,1766,183,13,21,0,0,False,True
city,decatur-ga,https://www.creditdoc.co/city/decatur-ga/,"Credit Repair & Financial Services in Decatur, GA (2026)",Credit Repair & Financial Services in Decatur,2209,191,23,21,0,1,False,True
city,del-city-ok,https://www.creditdoc.co/city/del-city-ok/,"Credit Repair & Financial Services in Del City, OK (2026)",Credit Repair & Financial Services in Del City,1589,176,13,21,0,0,False,True
city,denver-co,https://www.creditdoc.co/city/denver-co/,"Credit Repair & Financial Services in Denver, CO (2026)",Credit Repair & Financial Services in Denver,5480,258,68,21,0,9,False,True
city,des-moines-ia,https://www.creditdoc.co/city/des-moines-ia/,"Credit Repair & Financial Services in Des Moines, IA (2026)",Credit Repair & Financial Services in Des Moines,1640,177,14,21,0,0,False,True
city,detroit-mi,https://www.creditdoc.co/city/detroit-mi/,"Credit Repair & Financial Services in Detroit, MI (2026)",Credit Repair & Financial Services in Detroit,4793,245,62,21,0,8,False,True
city,doral-fl,https://www.creditdoc.co/city/doral-fl/,"Credit Repair & Financial Services in Doral, FL (2026)",Credit Repair & Financial Services in Doral,1722,180,13,21,0,0,False,True
city,doraville-ga,https://www.creditdoc.co/city/doraville-ga/,"Credit Repair & Financial Services in Doraville, GA (2026)",Credit Repair & Financial Services in Doraville,1543,175,12,21,0,0,False,True
city,dublin-oh,https://www.creditdoc.co/city/dublin-oh/,"Credit Repair & Financial Services in Dublin, OH (2026)",Credit Repair & Financial Services in Dublin,1508,173,10,21,0,0,False,True
city,dubuque-ia,https://www.creditdoc.co/city/dubuque-ia/,"Credit Repair & Financial Services in Dubuque, IA (2026)",Credit Repair & Financial Services in Dubuque,1470,173,10,21,0,0,False,True
city,duluth-mn,https://www.creditdoc.co/city/duluth-mn/,"Credit Repair & Financial Services in Duluth, MN (2026)",Credit Repair & Financial Services in Duluth,1483,175,12,21,0,0,False,True
city,duncanville-tx,https://www.creditdoc.co/city/duncanville-tx/,"Credit Repair & Financial Services in Duncanville, TX (2026)",Credit Repair & Financial Services in Duncanville,1432,171,8,21,0,0,False,True
city,durham-nc,https://www.creditdoc.co/city/durham-nc/,"Credit Repair & Financial Services in Durham, NC (2026)",Credit Repair & Financial Services in Durham,1886,184,17,21,0,0,False,True
city,east-los-angeles-ca,https://www.creditdoc.co/city/east-los-angeles-ca/,"Credit Repair & Financial Services in East Los Angeles, CA",Credit Repair & Financial Services in East Los Angeles,1614,177,12,21,0,0,False,True
city,east-point-ga,https://www.creditdoc.co/city/east-point-ga/,"Credit Repair & Financial Services in East Point, GA (2026)",Credit Repair & Financial Services in East Point,1638,178,10,21,0,0,False,True
city,edmond-ok,https://www.creditdoc.co/city/edmond-ok/,"Credit Repair & Financial Services in Edmond, OK (2026)",Credit Repair & Financial Services in Edmond,1608,177,14,21,0,0,False,True
city,el-cajon-ca,https://www.creditdoc.co/city/el-cajon-ca/,"Credit Repair & Financial Services in El Cajon, CA (2026)",Credit Repair & Financial Services in El Cajon,1960,186,18,21,0,0,False,True
city,el-paso-tx,https://www.creditdoc.co/city/el-paso-tx/,"Credit Repair & Financial Services in El Paso, TX (2026)",Credit Repair & Financial Services in El Paso,1654,177,13,21,0,1,False,True
city,englewood-co,https://www.creditdoc.co/city/englewood-co/,"Credit Repair & Financial Services in Englewood, CO (2026)",Credit Repair & Financial Services in Englewood,1750,179,13,21,0,0,False,True
city,erie-pa,https://www.creditdoc.co/city/erie-pa/,"Credit Repair & Financial Services in Erie, PA (2026)",Credit Repair & Financial Services in Erie,1648,177,13,21,0,1,False,True
city,escondido-ca,https://www.creditdoc.co/city/escondido-ca/,"Credit Repair & Financial Services in Escondido, CA (2026)",Credit Repair & Financial Services in Escondido,1674,176,13,21,0,0,False,True
city,everett-wa,https://www.creditdoc.co/city/everett-wa/,"Credit Repair & Financial Services in Everett, WA (2026)",Credit Repair & Financial Services in Everett,1477,175,10,21,0,0,False,True
city,fargo-nd,https://www.creditdoc.co/city/fargo-nd/,"Credit Repair & Financial Services in Fargo, ND (2026)",Credit Repair & Financial Services in Fargo,1715,180,16,21,0,1,False,True
city,farmington-hills-mi,https://www.creditdoc.co/city/farmington-hills-mi/,"Credit Repair & Financial Services in Farmington Hills, MI",Credit Repair & Financial Services in Farmington Hills,1625,176,13,21,0,0,False,True
city,fayetteville-ar,https://www.creditdoc.co/city/fayetteville-ar/,"Credit Repair & Financial Services in Fayetteville, AR",Credit Repair & Financial Services in Fayetteville,1374,173,8,21,0,0,False,True
city,flushing-ny,https://www.creditdoc.co/city/flushing-ny/,"Credit Repair & Financial Services in Flushing, NY (2026)",Credit Repair & Financial Services in Flushing,1590,177,12,21,0,0,False,True
city,forest-park-ga,https://www.creditdoc.co/city/forest-park-ga/,"Credit Repair & Financial Services in Forest Park, GA (2026)",Credit Repair & Financial Services in Forest Park,1577,178,10,21,0,0,False,True
city,fort-lauderdale-fl,https://www.creditdoc.co/city/fort-lauderdale-fl/,"Credit Repair & Financial Services in Fort Lauderdale, FL",Credit Repair & Financial Services in Fort Lauderdale,2207,192,20,21,0,1,False,True
city,fort-mill-sc,https://www.creditdoc.co/city/fort-mill-sc/,"Credit Repair & Financial Services in Fort Mill, SC (2026)",Credit Repair & Financial Services in Fort Mill,1482,171,8,21,0,0,False,True
city,fort-wayne-in,https://www.creditdoc.co/city/fort-wayne-in/,"Credit Repair & Financial Services in Fort Wayne, IN (2026)",Credit Repair & Financial Services in Fort Wayne,1671,175,13,21,0,1,False,True
city,fort-worth-tx,https://www.creditdoc.co/city/fort-worth-tx/,"Credit Repair & Financial Services in Fort Worth, TX (2026)",Credit Repair & Financial Services in Fort Worth,5748,261,69,21,0,10,False,True
city,franklin-tn,https://www.creditdoc.co/city/franklin-tn/,"Credit Repair & Financial Services in Franklin, TN (2026)",Credit Repair & Financial Services in Franklin,1603,179,11,21,0,0,False,True
city,fremont-ca,https://www.creditdoc.co/city/fremont-ca/,"Credit Repair & Financial Services in Fremont, CA (2026)",Credit Repair & Financial Services in Fremont,1493,177,10,21,0,0,False,True
city,fresno-ca,https://www.creditdoc.co/city/fresno-ca/,"Credit Repair & Financial Services in Fresno, CA (2026)",Credit Repair & Financial Services in Fresno,3458,217,40,21,0,5,False,True
city,frisco-tx,https://www.creditdoc.co/city/frisco-tx/,"Credit Repair & Financial Services in Frisco, TX (2026)",Credit Repair & Financial Services in Frisco,1756,181,13,21,0,0,False,True
city,garland-tx,https://www.creditdoc.co/city/garland-tx/,"Credit Repair & Financial Services in Garland, TX (2026)",Credit Repair & Financial Services in Garland,2041,187,20,21,0,2,False,True
city,glendale-az,https://www.creditdoc.co/city/glendale-az/,"Credit Repair & Financial Services in Glendale, AZ (2026)",Credit Repair & Financial Services in Glendale,2942,206,30,21,0,3,False,True
city,glendale-ca,https://www.creditdoc.co/city/glendale-ca/,"Credit Repair & Financial Services in Glendale, CA (2026)",Credit Repair & Financial Services in Glendale,1973,185,17,21,0,1,False,True
city,goodlettsville-tn,https://www.creditdoc.co/city/goodlettsville-tn/,"Credit Repair & Financial Services in Goodlettsville, TN",Credit Repair & Financial Services in Goodlettsville,1627,180,13,21,0,0,False,True
city,goodyear-az,https://www.creditdoc.co/city/goodyear-az/,"Credit Repair & Financial Services in Goodyear, AZ (2026)",Credit Repair & Financial Services in Goodyear,1438,175,10,21,0,0,False,True
city,grand-prairie-tx,https://www.creditdoc.co/city/grand-prairie-tx/,"Credit Repair & Financial Services in Grand Prairie, TX",Credit Repair & Financial Services in Grand Prairie,1997,185,18,21,0,1,False,True
city,grand-rapids-mi,https://www.creditdoc.co/city/grand-rapids-mi/,"Credit Repair & Financial Services in Grand Rapids, MI",Credit Repair & Financial Services in Grand Rapids,1779,181,16,21,0,0,False,True
city,great-falls-mt,https://www.creditdoc.co/city/great-falls-mt/,"Credit Repair & Financial Services in Great Falls, MT (2026)",Credit Repair & Financial Services in Great Falls,1441,175,6,21,0,0,False,True
city,green-bay-wi,https://www.creditdoc.co/city/green-bay-wi/,"Credit Repair & Financial Services in Green Bay, WI (2026)",Credit Repair & Financial Services in Green Bay,1446,171,10,21,0,0,False,True
city,greensboro-nc,https://www.creditdoc.co/city/greensboro-nc/,"Credit Repair & Financial Services in Greensboro, NC (2026)",Credit Repair & Financial Services in Greensboro,1651,180,14,21,0,1,False,True
city,greenville-sc,https://www.creditdoc.co/city/greenville-sc/,"Credit Repair & Financial Services in Greenville, SC (2026)",Credit Repair & Financial Services in Greenville,1604,178,13,21,0,0,False,True
city,greenwood-village-co,https://www.creditdoc.co/city/greenwood-village-co/,"Credit Repair & Financial Services in Greenwood Village, CO",Credit Repair & Financial Services in Greenwood Village,1474,173,10,21,0,0,False,True
city,gretna-la,https://www.creditdoc.co/city/gretna-la/,"Credit Repair & Financial Services in Gretna, LA (2026)",Credit Repair & Financial Services in Gretna,1463,173,10,21,0,0,False,True
city,haltom-city-tx,https://www.creditdoc.co/city/haltom-city-tx/,"Credit Repair & Financial Services in Haltom City, TX (2026)",Credit Repair & Financial Services in Haltom City,1758,177,15,21,0,1,False,True
city,hamilton-oh,https://www.creditdoc.co/city/hamilton-oh/,"Credit Repair & Financial Services in Hamilton, OH (2026)",Credit Repair & Financial Services in Hamilton,1592,177,10,21,0,0,False,True
city,hammond-in,https://www.creditdoc.co/city/hammond-in/,"Credit Repair & Financial Services in Hammond, IN (2026)",Credit Repair & Financial Services in Hammond,1429,173,8,21,0,0,False,True
city,harvey-la,https://www.creditdoc.co/city/harvey-la/,"Credit Repair & Financial Services in Harvey, LA (2026)",Credit Repair & Financial Services in Harvey,1785,181,15,21,0,1,False,True
city,hawthorne-ca,https://www.creditdoc.co/city/hawthorne-ca/,"Credit Repair & Financial Services in Hawthorne, CA (2026)",Credit Repair & Financial Services in Hawthorne,1570,174,10,21,0,1,False,True
city,helena-mt,https://www.creditdoc.co/city/helena-mt/,"Credit Repair & Financial Services in Helena, MT (2026)",Credit Repair & Financial Services in Helena,1564,176,13,21,0,0,False,True
city,henderson-nv,https://www.creditdoc.co/city/henderson-nv/,"Credit Repair & Financial Services in Henderson, NV (2026)",Credit Repair & Financial Services in Henderson,1841,180,16,21,0,1,False,True
city,hermitage-tn,https://www.creditdoc.co/city/hermitage-tn/,"Credit Repair & Financial Services in Hermitage, TN (2026)",Credit Repair & Financial Services in Hermitage,1454,175,10,21,0,0,False,True
city,hialeah-fl,https://www.creditdoc.co/city/hialeah-fl/,"Credit Repair & Financial Services in Hialeah, FL (2026)",Credit Repair & Financial Services in Hialeah,2559,199,22,21,0,3,False,True
city,highland-park-mi,https://www.creditdoc.co/city/highland-park-mi/,"Credit Repair & Financial Services in Highland Park, MI",Credit Repair & Financial Services in Highland Park,1652,178,13,21,0,0,False,True
city,hilo-hi,https://www.creditdoc.co/city/hilo-hi/,"Credit Repair & Financial Services in Hilo, HI (2026)",Credit Repair & Financial Services in Hilo,1383,171,10,21,0,0,False,True
city,hoboken-nj,https://www.creditdoc.co/city/hoboken-nj/,"Credit Repair & Financial Services in Hoboken, NJ (2026)",Credit Repair & Financial Services in Hoboken,1391,173,10,21,0,0,False,True
city,hollywood-fl,https://www.creditdoc.co/city/hollywood-fl/,"Credit Repair & Financial Services in Hollywood, FL (2026)",Credit Repair & Financial Services in Hollywood,2001,188,17,21,0,0,False,True
city,honolulu-hi,https://www.creditdoc.co/city/honolulu-hi/,"Credit Repair & Financial Services in Honolulu, HI (2026)",Credit Repair & Financial Services in Honolulu,2234,190,23,21,0,2,False,True
city,houston-tx,https://www.creditdoc.co/city/houston-tx/,"Credit Repair & Financial Services in Houston, TX (2026)",Credit Repair & Financial Services in Houston,6201,274,82,21,0,12,False,True
city,humble-tx,https://www.creditdoc.co/city/humble-tx/,"Credit Repair & Financial Services in Humble, TX (2026)",Credit Repair & Financial Services in Humble,1717,182,15,21,0,0,False,True
city,huntington-park-ca,https://www.creditdoc.co/city/huntington-park-ca/,"Credit Repair & Financial Services in Huntington Park, CA",Credit Repair & Financial Services in Huntington Park,1635,177,6,21,0,0,False,True
city,huntington-wv,https://www.creditdoc.co/city/huntington-wv/,"Credit Repair & Financial Services in Huntington, WV (2026)",Credit Repair & Financial Services in Huntington,1575,174,12,21,0,1,False,True
city,huntsville-al,https://www.creditdoc.co/city/huntsville-al/,"Credit Repair & Financial Services in Huntsville, AL (2026)",Credit Repair & Financial Services in Huntsville,1600,177,10,21,0,0,False,True
city,independence-mo,https://www.creditdoc.co/city/independence-mo/,"Credit Repair & Financial Services in Independence, MO",Credit Repair & Financial Services in Independence,1864,184,17,21,0,1,False,True
city,indiana-pa,https://www.creditdoc.co/city/indiana-pa/,"Credit Repair & Financial Services in Indiana, PA (2026)",Credit Repair & Financial Services in Indiana,1364,171,6,21,0,0,False,True
city,indianapolis-in,https://www.creditdoc.co/city/indianapolis-in/,"Credit Repair & Financial Services in Indianapolis, IN",Credit Repair & Financial Services in Indianapolis,5530,258,70,21,0,9,False,True
city,inglewood-ca,https://www.creditdoc.co/city/inglewood-ca/,"Credit Repair & Financial Services in Inglewood, CA (2026)",Credit Repair & Financial Services in Inglewood,1712,179,13,21,0,0,False,True
city,irvine-ca,https://www.creditdoc.co/city/irvine-ca/,"Credit Repair & Financial Services in Irvine, CA (2026)",Credit Repair & Financial Services in Irvine,2218,192,19,21,0,2,False,True
city,irving-tx,https://www.creditdoc.co/city/irving-tx/,"Credit Repair & Financial Services in Irving, TX (2026)",Credit Repair & Financial Services in Irving,2326,193,24,21,0,2,False,True
city,jackson-heights-ny,https://www.creditdoc.co/city/jackson-heights-ny/,"Credit Repair & Financial Services in Jackson Heights, NY",Credit Repair & Financial Services in Jackson Heights,1806,180,14,21,0,0,False,True
city,jackson-ms,https://www.creditdoc.co/city/jackson-ms/,"Credit Repair & Financial Services in Jackson, MS (2026)",Credit Repair & Financial Services in Jackson,1843,183,14,21,0,1,False,True
city,jackson-tn,https://www.creditdoc.co/city/jackson-tn/,"Credit Repair & Financial Services in Jackson, TN (2026)",Credit Repair & Financial Services in Jackson,1438,175,10,21,0,0,False,True
city,jacksonville-fl,https://www.creditdoc.co/city/jacksonville-fl/,"Credit Repair & Financial Services in Jacksonville, FL",Credit Repair & Financial Services in Jacksonville,5331,254,65,21,0,8,False,True
city,jefferson-city-mo,https://www.creditdoc.co/city/jefferson-city-mo/,"Credit Repair & Financial Services in Jefferson City, MO",Credit Repair & Financial Services in Jefferson City,1593,175,13,21,0,1,False,True
city,jefferson-la,https://www.creditdoc.co/city/jefferson-la/,"Credit Repair & Financial Services in Jefferson, LA (2026)",Credit Repair & Financial Services in Jefferson,1387,173,10,21,0,0,False,True
city,jenkintown-pa,https://www.creditdoc.co/city/jenkintown-pa/,"Credit Repair & Financial Services in Jenkintown, PA (2026)",Credit Repair & Financial Services in Jenkintown,1455,176,10,21,0,0,False,True
city,jersey-city-nj,https://www.creditdoc.co/city/jersey-city-nj/,"Credit Repair & Financial Services in Jersey City, NJ (2026)",Credit Repair & Financial Services in Jersey City,2769,203,28,21,0,1,False,True
city,jonesboro-ga,https://www.creditdoc.co/city/jonesboro-ga/,"Credit Repair & Financial Services in Jonesboro, GA (2026)",Credit Repair & Financial Services in Jonesboro,1421,171,8,21,0,0,False,True
city,kansas-city-ks,https://www.creditdoc.co/city/kansas-city-ks/,"Credit Repair & Financial Services in Kansas City, KS (2026)",Credit Repair & Financial Services in Kansas City,2367,196,25,21,0,2,False,True
city,kansas-city-mo,https://www.creditdoc.co/city/kansas-city-mo/,"Credit Repair & Financial Services in Kansas City, MO (2026)",Credit Repair & Financial Services in Kansas City,3295,215,36,21,0,5,False,True
city,katy-tx,https://www.creditdoc.co/city/katy-tx/,"Credit Repair & Financial Services in Katy, TX (2026)",Credit Repair & Financial Services in Katy,1460,175,10,21,0,0,False,True
city,kent-wa,https://www.creditdoc.co/city/kent-wa/,"Credit Repair & Financial Services in Kent, WA (2026)",Credit Repair & Financial Services in Kent,1629,177,10,21,0,0,False,True
city,kingsland-ga,https://www.creditdoc.co/city/kingsland-ga/,"Credit Repair & Financial Services in Kingsland, GA (2026)",Credit Repair & Financial Services in Kingsland,1742,176,14,21,0,1,False,True
city,kissimmee-fl,https://www.creditdoc.co/city/kissimmee-fl/,"Credit Repair & Financial Services in Kissimmee, FL (2026)",Credit Repair & Financial Services in Kissimmee,1839,181,15,21,0,1,False,True
city,knoxville-tn,https://www.creditdoc.co/city/knoxville-tn/,"Credit Repair & Financial Services in Knoxville, TN (2026)",Credit Repair & Financial Services in Knoxville,1772,181,16,21,0,0,False,True
city,la-crosse-wi,https://www.creditdoc.co/city/la-crosse-wi/,"Credit Repair & Financial Services in La Crosse, WI (2026)",Credit Repair & Financial Services in La Crosse,1605,176,13,21,0,0,False,True
city,la-jolla-ca,https://www.creditdoc.co/city/la-jolla-ca/,"Credit Repair & Financial Services in La Jolla, CA (2026)",Credit Repair & Financial Services in La Jolla,1523,176,6,21,0,0,False,True
city,la-mesa-ca,https://www.creditdoc.co/city/la-mesa-ca/,"Credit Repair & Financial Services in La Mesa, CA (2026)",Credit Repair & Financial Services in La Mesa,1757,181,12,21,0,1,False,True
city,lafayette-la,https://www.creditdoc.co/city/lafayette-la/,"Credit Repair & Financial Services in Lafayette, LA (2026)",Credit Repair & Financial Services in Lafayette,1439,173,10,21,0,0,False,True
city,lakewood-co,https://www.creditdoc.co/city/lakewood-co/,"Credit Repair & Financial Services in Lakewood, CO (2026)",Credit Repair & Financial Services in Lakewood,1970,186,17,21,0,0,False,True
city,lancaster-pa,https://www.creditdoc.co/city/lancaster-pa/,"Credit Repair & Financial Services in Lancaster, PA (2026)",Credit Repair & Financial Services in Lancaster,1590,176,11,21,0,0,False,True
city,lancaster-tx,https://www.creditdoc.co/city/lancaster-tx/,"Credit Repair & Financial Services in Lancaster, TX (2026)",Credit Repair & Financial Services in Lancaster,1474,175,10,21,0,0,False,True
city,laredo-tx,https://www.creditdoc.co/city/laredo-tx/,"Credit Repair & Financial Services in Laredo, TX (2026)",Credit Repair & Financial Services in Laredo,1614,178,13,21,0,0,False,True
city,las-vegas-nv,https://www.creditdoc.co/city/las-vegas-nv/,"Credit Repair & Financial Services in Las Vegas, NV (2026)",Credit Repair & Financial Services in Las Vegas,6209,272,75,21,0,12,False,True
city,lawrence-ma,https://www.creditdoc.co/city/lawrence-ma/,"Credit Repair & Financial Services in Lawrence, MA (2026)",Credit Repair & Financial Services in Lawrence,1376,171,10,21,0,0,False,True
city,lawton-ok,https://www.creditdoc.co/city/lawton-ok/,"Credit Repair & Financial Services in Lawton, OK (2026)",Credit Repair & Financial Services in Lawton,1409,171,10,21,0,0,False,True
city,lexington-ky,https://www.creditdoc.co/city/lexington-ky/,"Credit Repair & Financial Services in Lexington, KY (2026)",Credit Repair & Financial Services in Lexington,1770,183,15,21,0,1,False,True
city,lincoln-ne,https://www.creditdoc.co/city/lincoln-ne/,"Credit Repair & Financial Services in Lincoln, NE (2026)",Credit Repair & Financial Services in Lincoln,1620,176,14,21,0,1,False,True
city,little-rock-ar,https://www.creditdoc.co/city/little-rock-ar/,"Credit Repair & Financial Services in Little Rock, AR (2026)",Credit Repair & Financial Services in Little Rock,1981,186,19,21,0,2,False,True
city,livonia-mi,https://www.creditdoc.co/city/livonia-mi/,"Credit Repair & Financial Services in Livonia, MI (2026)",Credit Repair & Financial Services in Livonia,1448,175,10,21,0,0,False,True
city,long-beach-ca,https://www.creditdoc.co/city/long-beach-ca/,"Credit Repair & Financial Services in Long Beach, CA (2026)",Credit Repair & Financial Services in Long Beach,2807,205,31,21,0,3,False,True
city,long-island-city-ny,https://www.creditdoc.co/city/long-island-city-ny/,"Credit Repair & Financial Services in Long Island City, NY",Credit Repair & Financial Services in Long Island City,2118,187,20,21,0,1,False,True
city,longview-wa,https://www.creditdoc.co/city/longview-wa/,"Credit Repair & Financial Services in Longview, WA (2026)",Credit Repair & Financial Services in Longview,1439,171,10,21,0,0,False,True
city,los-angeles-ca,https://www.creditdoc.co/city/los-angeles-ca/,"Credit Repair & Financial Services in Los Angeles, CA (2026)",Credit Repair & Financial Services in Los Angeles,6337,274,81,21,0,12,False,True
city,louisville-ky,https://www.creditdoc.co/city/louisville-ky/,"Credit Repair & Financial Services in Louisville, KY (2026)",Credit Repair & Financial Services in Louisville,3551,220,41,21,0,5,False,True
city,lubbock-tx,https://www.creditdoc.co/city/lubbock-tx/,"Credit Repair & Financial Services in Lubbock, TX (2026)",Credit Repair & Financial Services in Lubbock,1629,177,14,21,0,0,False,True
city,macclenny-fl,https://www.creditdoc.co/city/macclenny-fl/,"Credit Repair & Financial Services in Macclenny, FL (2026)",Credit Repair & Financial Services in Macclenny,1366,175,8,21,0,0,False,True
city,macon-ga,https://www.creditdoc.co/city/macon-ga/,"Credit Repair & Financial Services in Macon, GA (2026)",Credit Repair & Financial Services in Macon,1620,179,13,21,0,0,False,True
city,madison-tn,https://www.creditdoc.co/city/madison-tn/,"Credit Repair & Financial Services in Madison, TN (2026)",Credit Repair & Financial Services in Madison,1995,186,18,21,0,1,False,True
city,madison-wi,https://www.creditdoc.co/city/madison-wi/,"Credit Repair & Financial Services in Madison, WI (2026)",Credit Repair & Financial Services in Madison,1708,179,15,21,0,1,False,True
city,marietta-ga,https://www.creditdoc.co/city/marietta-ga/,"Credit Repair & Financial Services in Marietta, GA (2026)",Credit Repair & Financial Services in Marietta,2124,190,19,21,0,1,False,True
city,marrero-la,https://www.creditdoc.co/city/marrero-la/,"Credit Repair & Financial Services in Marrero, LA (2026)",Credit Repair & Financial Services in Marrero,1461,173,10,21,0,0,False,True
city,mcallen-tx,https://www.creditdoc.co/city/mcallen-tx/,"Credit Repair & Financial Services in Mcallen, TX (2026)",Credit Repair & Financial Services in Mcallen,1554,175,12,21,0,0,False,True
city,memphis-tn,https://www.creditdoc.co/city/memphis-tn/,"Credit Repair & Financial Services in Memphis, TN (2026)",Credit Repair & Financial Services in Memphis,5002,249,62,21,0,8,False,True
city,mesa-az,https://www.creditdoc.co/city/mesa-az/,"Credit Repair & Financial Services in Mesa, AZ (2026)",Credit Repair & Financial Services in Mesa,2763,202,27,21,0,3,False,True
city,mesquite-tx,https://www.creditdoc.co/city/mesquite-tx/,"Credit Repair & Financial Services in Mesquite, TX (2026)",Credit Repair & Financial Services in Mesquite,1852,182,16,21,0,1,False,True
city,metairie-la,https://www.creditdoc.co/city/metairie-la/,"Credit Repair & Financial Services in Metairie, LA (2026)",Credit Repair & Financial Services in Metairie,1919,185,18,21,0,0,False,True
city,miami-beach-fl,https://www.creditdoc.co/city/miami-beach-fl/,"Credit Repair & Financial Services in Miami Beach, FL (2026)",Credit Repair & Financial Services in Miami Beach,1701,181,12,21,0,0,False,True
city,miami-fl,https://www.creditdoc.co/city/miami-fl/,"Credit Repair & Financial Services in Miami, FL (2026)",Credit Repair & Financial Services in Miami,6510,277,82,21,0,13,False,True
city,miami-gardens-fl,https://www.creditdoc.co/city/miami-gardens-fl/,"Credit Repair & Financial Services in Miami Gardens, FL",Credit Repair & Financial Services in Miami Gardens,2157,187,15,21,0,0,False,True
city,miami-lakes-fl,https://www.creditdoc.co/city/miami-lakes-fl/,"Credit Repair & Financial Services in Miami Lakes, FL (2026)",Credit Repair & Financial Services in Miami Lakes,1514,176,8,21,0,0,False,True
city,midland-tx,https://www.creditdoc.co/city/midland-tx/,"Credit Repair & Financial Services in Midland, TX (2026)",Credit Repair & Financial Services in Midland,1406,173,10,21,0,0,False,True
city,midwest-city-ok,https://www.creditdoc.co/city/midwest-city-ok/,"Credit Repair & Financial Services in Midwest City, OK",Credit Repair & Financial Services in Midwest City,1809,182,16,21,0,0,False,True
city,milwaukee-wi,https://www.creditdoc.co/city/milwaukee-wi/,"Credit Repair & Financial Services in Milwaukee, WI (2026)",Credit Repair & Financial Services in Milwaukee,3114,214,34,21,0,4,False,True
city,minneapolis-mn,https://www.creditdoc.co/city/minneapolis-mn/,"Credit Repair & Financial Services in Minneapolis, MN (2026)",Credit Repair & Financial Services in Minneapolis,2808,207,28,21,0,3,False,True
city,mobile-al,https://www.creditdoc.co/city/mobile-al/,"Credit Repair & Financial Services in Mobile, AL (2026)",Credit Repair & Financial Services in Mobile,1690,180,14,21,0,0,False,True
city,modesto-ca,https://www.creditdoc.co/city/modesto-ca/,"Credit Repair & Financial Services in Modesto, CA (2026)",Credit Repair & Financial Services in Modesto,1539,175,10,21,0,0,False,True
city,muncie-in,https://www.creditdoc.co/city/muncie-in/,"Credit Repair & Financial Services in Muncie, IN (2026)",Credit Repair & Financial Services in Muncie,1425,175,8,21,0,0,False,True
city,nashville-tn,https://www.creditdoc.co/city/nashville-tn/,"Credit Repair & Financial Services in Nashville, TN (2026)",Credit Repair & Financial Services in Nashville,5408,254,68,21,0,10,False,True
city,national-city-ca,https://www.creditdoc.co/city/national-city-ca/,"Credit Repair & Financial Services in National City, CA",Credit Repair & Financial Services in National City,2266,189,19,21,0,2,False,True
city,new-braunfels-tx,https://www.creditdoc.co/city/new-braunfels-tx/,"Credit Repair & Financial Services in New Braunfels, TX",Credit Repair & Financial Services in New Braunfels,1453,175,8,21,0,0,False,True
city,new-haven-ct,https://www.creditdoc.co/city/new-haven-ct/,"Credit Repair & Financial Services in New Haven, CT (2026)",Credit Repair & Financial Services in New Haven,1438,173,8,21,0,0,False,True
city,new-orleans-la,https://www.creditdoc.co/city/new-orleans-la/,"Credit Repair & Financial Services in New Orleans, LA (2026)",Credit Repair & Financial Services in New Orleans,3136,211,36,21,0,3,False,True
city,new-york-ny,https://www.creditdoc.co/city/new-york-ny/,"Credit Repair & Financial Services in New York, NY (2026)",Credit Repair & Financial Services in New York,7477,297,89,21,0,15,False,True
city,newark-nj,https://www.creditdoc.co/city/newark-nj/,"Credit Repair & Financial Services in Newark, NJ (2026)",Credit Repair & Financial Services in Newark,2001,185,19,21,0,1,False,True
city,newport-ky,https://www.creditdoc.co/city/newport-ky/,"Credit Repair & Financial Services in Newport, KY (2026)",Credit Repair & Financial Services in Newport,1453,173,6,21,0,0,False,True
city,newport-news-va,https://www.creditdoc.co/city/newport-news-va/,"Credit Repair & Financial Services in Newport News, VA",Credit Repair & Financial Services in Newport News,1534,173,12,21,0,0,False,True
city,norcross-ga,https://www.creditdoc.co/city/norcross-ga/,"Credit Repair & Financial Services in Norcross, GA (2026)",Credit Repair & Financial Services in Norcross,1845,182,16,21,0,1,False,True
city,norfolk-va,https://www.creditdoc.co/city/norfolk-va/,"Credit Repair & Financial Services in Norfolk, VA (2026)",Credit Repair & Financial Services in Norfolk,1987,185,17,21,0,1,False,True
city,norman-ok,https://www.creditdoc.co/city/norman-ok/,"Credit Repair & Financial Services in Norman, OK (2026)",Credit Repair & Financial Services in Norman,1626,179,14,21,0,0,False,True
city,north-las-vegas-nv,https://www.creditdoc.co/city/north-las-vegas-nv/,"Credit Repair & Financial Services in North Las Vegas, NV",Credit Repair & Financial Services in North Las Vegas,2473,195,22,21,0,1,False,True
city,north-miami-beach-fl,https://www.creditdoc.co/city/north-miami-beach-fl/,"Credit Repair & Financial Services in North Miami Beach, FL",Credit Repair & Financial Services in North Miami Beach,1950,182,16,21,0,0,False,True
city,north-miami-fl,https://www.creditdoc.co/city/north-miami-fl/,"Credit Repair & Financial Services in North Miami, FL (2026)",Credit Repair & Financial Services in North Miami,1891,181,15,21,0,0,False,True
city,norwood-oh,https://www.creditdoc.co/city/norwood-oh/,"Credit Repair & Financial Services in Norwood, OH (2026)",Credit Repair & Financial Services in Norwood,1442,173,10,21,0,0,False,True
city,oakland-ca,https://www.creditdoc.co/city/oakland-ca/,"Credit Repair & Financial Services in Oakland, CA (2026)",Credit Repair & Financial Services in Oakland,2198,192,23,21,0,1,False,True
city,oceanside-ca,https://www.creditdoc.co/city/oceanside-ca/,"Credit Repair & Financial Services in Oceanside, CA (2026)",Credit Repair & Financial Services in Oceanside,1739,179,12,21,0,0,False,True
city,oklahoma-city-ok,https://www.creditdoc.co/city/oklahoma-city-ok/,"Credit Repair & Financial Services in Oklahoma City, OK",Credit Repair & Financial Services in Oklahoma City,3602,220,42,21,0,5,False,True
city,olympia-wa,https://www.creditdoc.co/city/olympia-wa/,"Credit Repair & Financial Services in Olympia, WA (2026)",Credit Repair & Financial Services in Olympia,1399,171,10,21,0,0,False,True
city,omaha-ne,https://www.creditdoc.co/city/omaha-ne/,"Credit Repair & Financial Services in Omaha, NE (2026)",Credit Repair & Financial Services in Omaha,3262,216,39,21,0,5,False,True
city,opa-locka-fl,https://www.creditdoc.co/city/opa-locka-fl/,"Credit Repair & Financial Services in Opa-locka, FL (2026)",Credit Repair & Financial Services in Opa-locka,1587,174,10,21,0,1,False,True
city,orange-park-fl,https://www.creditdoc.co/city/orange-park-fl/,"Credit Repair & Financial Services in Orange Park, FL (2026)",Credit Repair & Financial Services in Orange Park,1662,178,11,21,0,1,False,True
city,orlando-fl,https://www.creditdoc.co/city/orlando-fl/,"Credit Repair & Financial Services in Orlando, FL (2026)",Credit Repair & Financial Services in Orlando,3853,228,47,21,0,6,False,True
city,overland-park-ks,https://www.creditdoc.co/city/overland-park-ks/,"Credit Repair & Financial Services in Overland Park, KS",Credit Repair & Financial Services in Overland Park,1757,182,14,21,0,0,False,True
city,paducah-ky,https://www.creditdoc.co/city/paducah-ky/,"Credit Repair & Financial Services in Paducah, KY (2026)",Credit Repair & Financial Services in Paducah,1429,173,10,21,0,0,False,True
city,paris-tx,https://www.creditdoc.co/city/paris-tx/,"Credit Repair & Financial Services in Paris, TX (2026)",Credit Repair & Financial Services in Paris,1408,171,10,21,0,0,False,True
city,parkersburg-wv,https://www.creditdoc.co/city/parkersburg-wv/,"Credit Repair & Financial Services in Parkersburg, WV (2026)",Credit Repair & Financial Services in Parkersburg,1570,175,8,21,0,0,False,True
city,parma-oh,https://www.creditdoc.co/city/parma-oh/,"Credit Repair & Financial Services in Parma, OH (2026)",Credit Repair & Financial Services in Parma,1530,173,12,21,0,0,False,True
city,pasadena-tx,https://www.creditdoc.co/city/pasadena-tx/,"Credit Repair & Financial Services in Pasadena, TX (2026)",Credit Repair & Financial Services in Pasadena,1947,188,18,21,0,1,False,True
city,pensacola-fl,https://www.creditdoc.co/city/pensacola-fl/,"Credit Repair & Financial Services in Pensacola, FL (2026)",Credit Repair & Financial Services in Pensacola,1414,173,10,21,0,0,False,True
city,peoria-az,https://www.creditdoc.co/city/peoria-az/,"Credit Repair & Financial Services in Peoria, AZ (2026)",Credit Repair & Financial Services in Peoria,1488,175,8,21,0,0,False,True
city,peoria-il,https://www.creditdoc.co/city/peoria-il/,"Credit Repair & Financial Services in Peoria, IL (2026)",Credit Repair & Financial Services in Peoria,1523,175,12,21,0,0,False,True
city,pflugerville-tx,https://www.creditdoc.co/city/pflugerville-tx/,"Credit Repair & Financial Services in Pflugerville, TX",Credit Repair & Financial Services in Pflugerville,1467,173,10,21,0,0,False,True
city,philadelphia-pa,https://www.creditdoc.co/city/philadelphia-pa/,"Credit Repair & Financial Services in Philadelphia, PA",Credit Repair & Financial Services in Philadelphia,5986,268,77,21,0,9,False,True
city,phoenix-az,https://www.creditdoc.co/city/phoenix-az/,"Credit Repair & Financial Services in Phoenix, AZ (2026)",Credit Repair & Financial Services in Phoenix,6241,274,81,21,0,12,False,True
city,pittsburgh-pa,https://www.creditdoc.co/city/pittsburgh-pa/,"Credit Repair & Financial Services in Pittsburgh, PA (2026)",Credit Repair & Financial Services in Pittsburgh,3533,223,42,21,0,4,False,True
city,plano-tx,https://www.creditdoc.co/city/plano-tx/,"Credit Repair & Financial Services in Plano, TX (2026)",Credit Repair & Financial Services in Plano,2278,191,22,21,0,1,False,True
city,portland-me,https://www.creditdoc.co/city/portland-me/,"Credit Repair & Financial Services in Portland, ME (2026)",Credit Repair & Financial Services in Portland,1629,179,13,21,0,0,False,True
city,portland-or,https://www.creditdoc.co/city/portland-or/,"Credit Repair & Financial Services in Portland, OR (2026)",Credit Repair & Financial Services in Portland,2723,205,32,21,0,3,False,True
city,provo-ut,https://www.creditdoc.co/city/provo-ut/,"Credit Repair & Financial Services in Provo, UT (2026)",Credit Repair & Financial Services in Provo,1530,175,12,21,0,0,False,True
city,pueblo-co,https://www.creditdoc.co/city/pueblo-co/,"Credit Repair & Financial Services in Pueblo, CO (2026)",Credit Repair & Financial Services in Pueblo,1432,175,10,21,0,0,False,True
city,raleigh-nc,https://www.creditdoc.co/city/raleigh-nc/,"Credit Repair & Financial Services in Raleigh, NC (2026)",Credit Repair & Financial Services in Raleigh,3553,219,42,21,0,5,False,True
city,rapid-city-sd,https://www.creditdoc.co/city/rapid-city-sd/,"Credit Repair & Financial Services in Rapid City, SD (2026)",Credit Repair & Financial Services in Rapid City,1804,180,12,21,0,0,False,True
city,reading-pa,https://www.creditdoc.co/city/reading-pa/,"Credit Repair & Financial Services in Reading, PA (2026)",Credit Repair & Financial Services in Reading,1468,173,10,21,0,0,False,True
city,richardson-tx,https://www.creditdoc.co/city/richardson-tx/,"Credit Repair & Financial Services in Richardson, TX (2026)",Credit Repair & Financial Services in Richardson,1763,181,13,21,0,1,False,True
city,richmond-va,https://www.creditdoc.co/city/richmond-va/,"Credit Repair & Financial Services in Richmond, VA (2026)",Credit Repair & Financial Services in Richmond,1657,179,14,21,0,0,False,True
city,riverdale-ga,https://www.creditdoc.co/city/riverdale-ga/,"Credit Repair & Financial Services in Riverdale, GA (2026)",Credit Repair & Financial Services in Riverdale,1385,173,10,21,0,0,False,True
city,riverside-ca,https://www.creditdoc.co/city/riverside-ca/,"Credit Repair & Financial Services in Riverside, CA (2026)",Credit Repair & Financial Services in Riverside,1732,179,15,21,0,1,False,True
city,roanoke-va,https://www.creditdoc.co/city/roanoke-va/,"Credit Repair & Financial Services in Roanoke, VA (2026)",Credit Repair & Financial Services in Roanoke,1619,177,12,21,0,0,False,True
city,rochester-mn,https://www.creditdoc.co/city/rochester-mn/,"Credit Repair & Financial Services in Rochester, MN (2026)",Credit Repair & Financial Services in Rochester,1521,177,12,21,0,0,False,True
city,rochester-ny,https://www.creditdoc.co/city/rochester-ny/,"Credit Repair & Financial Services in Rochester, NY (2026)",Credit Repair & Financial Services in Rochester,1757,178,15,21,0,0,False,True
city,rock-hill-sc,https://www.creditdoc.co/city/rock-hill-sc/,"Credit Repair & Financial Services in Rock Hill, SC (2026)",Credit Repair & Financial Services in Rock Hill,1808,181,13,21,0,1,False,True
city,round-rock-tx,https://www.creditdoc.co/city/round-rock-tx/,"Credit Repair & Financial Services in Round Rock, TX (2026)",Credit Repair & Financial Services in Round Rock,1753,181,15,21,0,0,False,True
city,sacramento-ca,https://www.creditdoc.co/city/sacramento-ca/,"Credit Repair & Financial Services in Sacramento, CA (2026)",Credit Repair & Financial Services in Sacramento,2922,206,35,21,0,4,False,True
city,saginaw-tx,https://www.creditdoc.co/city/saginaw-tx/,"Credit Repair & Financial Services in Saginaw, TX (2026)",Credit Repair & Financial Services in Saginaw,1378,175,10,21,0,0,False,True
city,saint-louis-mo,https://www.creditdoc.co/city/saint-louis-mo/,"Credit Repair & Financial Services in Saint Louis, MO (2026)",Credit Repair & Financial Services in Saint Louis,2135,188,20,21,0,2,False,True
city,saint-paul-mn,https://www.creditdoc.co/city/saint-paul-mn/,"Credit Repair & Financial Services in Saint Paul, MN (2026)",Credit Repair & Financial Services in Saint Paul,1889,182,18,21,0,1,False,True
city,salem-or,https://www.creditdoc.co/city/salem-or/,"Credit Repair & Financial Services in Salem, OR (2026)",Credit Repair & Financial Services in Salem,1512,177,12,21,0,0,False,True
city,salt-lake-city-ut,https://www.creditdoc.co/city/salt-lake-city-ut/,"Credit Repair & Financial Services in Salt Lake City, UT",Credit Repair & Financial Services in Salt Lake City,2359,195,24,21,0,2,False,True
city,san-antonio-tx,https://www.creditdoc.co/city/san-antonio-tx/,"Credit Repair & Financial Services in San Antonio, TX (2026)",Credit Repair & Financial Services in San Antonio,6175,265,69,21,0,12,False,True
city,san-diego-ca,https://www.creditdoc.co/city/san-diego-ca/,"Credit Repair & Financial Services in San Diego, CA (2026)",Credit Repair & Financial Services in San Diego,6194,265,76,21,0,11,False,True
city,san-francisco-ca,https://www.creditdoc.co/city/san-francisco-ca/,"Credit Repair & Financial Services in San Francisco, CA",Credit Repair & Financial Services in San Francisco,5434,258,72,21,0,9,False,True
city,san-jose-ca,https://www.creditdoc.co/city/san-jose-ca/,"Credit Repair & Financial Services in San Jose, CA (2026)",Credit Repair & Financial Services in San Jose,4779,241,57,21,0,6,False,True
city,san-mateo-ca,https://www.creditdoc.co/city/san-mateo-ca/,"Credit Repair & Financial Services in San Mateo, CA (2026)",Credit Repair & Financial Services in San Mateo,1784,179,14,21,0,0,False,True
city,san-ysidro-ca,https://www.creditdoc.co/city/san-ysidro-ca/,"Credit Repair & Financial Services in San Ysidro, CA (2026)",Credit Repair & Financial Services in San Ysidro,1685,176,13,21,0,0,False,True
city,sandy-springs-ga,https://www.creditdoc.co/city/sandy-springs-ga/,"Credit Repair & Financial Services in Sandy Springs, GA",Credit Repair & Financial Services in Sandy Springs,1623,175,12,21,0,0,False,True
city,santa-ana-ca,https://www.creditdoc.co/city/santa-ana-ca/,"Credit Repair & Financial Services in Santa Ana, CA (2026)",Credit Repair & Financial Services in Santa Ana,1739,180,13,21,0,0,False,True
city,santa-clara-ca,https://www.creditdoc.co/city/santa-clara-ca/,"Credit Repair & Financial Services in Santa Clara, CA (2026)",Credit Repair & Financial Services in Santa Clara,1855,183,13,21,0,0,False,True
city,sarasota-fl,https://www.creditdoc.co/city/sarasota-fl/,"Credit Repair & Financial Services in Sarasota, FL (2026)",Credit Repair & Financial Services in Sarasota,1875,179,14,21,0,1,False,True
city,scottsdale-az,https://www.creditdoc.co/city/scottsdale-az/,"Credit Repair & Financial Services in Scottsdale, AZ (2026)",Credit Repair & Financial Services in Scottsdale,2564,198,24,21,0,1,False,True
city,seattle-wa,https://www.creditdoc.co/city/seattle-wa/,"Credit Repair & Financial Services in Seattle, WA (2026)",Credit Repair & Financial Services in Seattle,4308,238,52,21,0,8,False,True
city,shreveport-la,https://www.creditdoc.co/city/shreveport-la/,"Credit Repair & Financial Services in Shreveport, LA (2026)",Credit Repair & Financial Services in Shreveport,1461,173,10,21,0,0,False,True
city,sioux-falls-sd,https://www.creditdoc.co/city/sioux-falls-sd/,"Credit Repair & Financial Services in Sioux Falls, SD (2026)",Credit Repair & Financial Services in Sioux Falls,1766,181,15,21,0,1,False,True
city,skokie-il,https://www.creditdoc.co/city/skokie-il/,"Credit Repair & Financial Services in Skokie, IL (2026)",Credit Repair & Financial Services in Skokie,1743,180,14,21,0,0,False,True
city,somerville-ma,https://www.creditdoc.co/city/somerville-ma/,"Credit Repair & Financial Services in Somerville, MA (2026)",Credit Repair & Financial Services in Somerville,1424,173,10,21,0,0,False,True
city,south-bend-in,https://www.creditdoc.co/city/south-bend-in/,"Credit Repair & Financial Services in South Bend, IN (2026)",Credit Repair & Financial Services in South Bend,1568,175,12,21,0,0,False,True
city,south-gate-ca,https://www.creditdoc.co/city/south-gate-ca/,"Credit Repair & Financial Services in South Gate, CA (2026)",Credit Repair & Financial Services in South Gate,1467,171,10,21,0,0,False,True
city,southfield-mi,https://www.creditdoc.co/city/southfield-mi/,"Credit Repair & Financial Services in Southfield, MI (2026)",Credit Repair & Financial Services in Southfield,2468,193,23,21,0,2,False,True
city,spartanburg-sc,https://www.creditdoc.co/city/spartanburg-sc/,"Credit Repair & Financial Services in Spartanburg, SC (2026)",Credit Repair & Financial Services in Spartanburg,1640,177,12,21,0,0,False,True
city,spokane-wa,https://www.creditdoc.co/city/spokane-wa/,"Credit Repair & Financial Services in Spokane, WA (2026)",Credit Repair & Financial Services in Spokane,1409,173,10,21,0,0,False,True
city,springfield-il,https://www.creditdoc.co/city/springfield-il/,"Credit Repair & Financial Services in Springfield, IL (2026)",Credit Repair & Financial Services in Springfield,1479,173,10,21,0,0,False,True
city,springfield-mo,https://www.creditdoc.co/city/springfield-mo/,"Credit Repair & Financial Services in Springfield, MO (2026)",Credit Repair & Financial Services in Springfield,1615,176,14,21,0,1,False,True
city,st-paul-mn,https://www.creditdoc.co/city/st-paul-mn/,"Credit Repair & Financial Services in St Paul, MN (2026)",Credit Repair & Financial Services in St Paul,1839,182,15,21,0,1,False,True
city,stafford-tx,https://www.creditdoc.co/city/stafford-tx/,"Credit Repair & Financial Services in Stafford, TX (2026)",Credit Repair & Financial Services in Stafford,1462,173,10,21,0,0,False,True
city,stamford-ct,https://www.creditdoc.co/city/stamford-ct/,"Credit Repair & Financial Services in Stamford, CT (2026)",Credit Repair & Financial Services in Stamford,1431,173,10,21,0,0,False,True
city,staten-island-ny,https://www.creditdoc.co/city/staten-island-ny/,"Credit Repair & Financial Services in Staten Island, NY",Credit Repair & Financial Services in Staten Island,2049,188,18,21,0,0,False,True
city,stockton-ca,https://www.creditdoc.co/city/stockton-ca/,"Credit Repair & Financial Services in Stockton, CA (2026)",Credit Repair & Financial Services in Stockton,1447,175,8,21,0,0,False,True
city,stone-mountain-ga,https://www.creditdoc.co/city/stone-mountain-ga/,"Credit Repair & Financial Services in Stone Mountain, GA",Credit Repair & Financial Services in Stone Mountain,1427,173,8,21,0,0,False,True
city,sugar-land-tx,https://www.creditdoc.co/city/sugar-land-tx/,"Credit Repair & Financial Services in Sugar Land, TX (2026)",Credit Repair & Financial Services in Sugar Land,1604,177,10,21,0,0,False,True
city,syracuse-ny,https://www.creditdoc.co/city/syracuse-ny/,"Credit Repair & Financial Services in Syracuse, NY (2026)",Credit Repair & Financial Services in Syracuse,1695,178,14,21,0,1,False,True
city,tallahassee-fl,https://www.creditdoc.co/city/tallahassee-fl/,"Credit Repair & Financial Services in Tallahassee, FL (2026)",Credit Repair & Financial Services in Tallahassee,1579,176,13,21,0,0,False,True
city,tampa-fl,https://www.creditdoc.co/city/tampa-fl/,"Credit Repair & Financial Services in Tampa, FL (2026)",Credit Repair & Financial Services in Tampa,3799,227,49,21,0,5,False,True
city,taunton-ma,https://www.creditdoc.co/city/taunton-ma/,"Credit Repair & Financial Services in Taunton, MA (2026)",Credit Repair & Financial Services in Taunton,1416,173,10,21,0,0,False,True
city,taylor-mi,https://www.creditdoc.co/city/taylor-mi/,"Credit Repair & Financial Services in Taylor, MI (2026)",Credit Repair & Financial Services in Taylor,1450,173,10,21,0,0,False,True
city,tempe-az,https://www.creditdoc.co/city/tempe-az/,"Credit Repair & Financial Services in Tempe, AZ (2026)",Credit Repair & Financial Services in Tempe,2218,191,20,21,0,1,False,True
city,toledo-oh,https://www.creditdoc.co/city/toledo-oh/,"Credit Repair & Financial Services in Toledo, OH (2026)",Credit Repair & Financial Services in Toledo,1703,178,15,21,0,0,False,True
city,topeka-ks,https://www.creditdoc.co/city/topeka-ks/,"Credit Repair & Financial Services in Topeka, KS (2026)",Credit Repair & Financial Services in Topeka,1821,183,17,21,0,1,False,True
city,torrance-ca,https://www.creditdoc.co/city/torrance-ca/,"Credit Repair & Financial Services in Torrance, CA (2026)",Credit Repair & Financial Services in Torrance,1553,173,10,21,0,0,False,True
city,tucker-ga,https://www.creditdoc.co/city/tucker-ga/,"Credit Repair & Financial Services in Tucker, GA (2026)",Credit Repair & Financial Services in Tucker,1445,175,10,21,0,0,False,True
city,tucson-az,https://www.creditdoc.co/city/tucson-az/,"Credit Repair & Financial Services in Tucson, AZ (2026)",Credit Repair & Financial Services in Tucson,2774,202,27,21,0,3,False,True
city,tulsa-ok,https://www.creditdoc.co/city/tulsa-ok/,"Credit Repair & Financial Services in Tulsa, OK (2026)",Credit Repair & Financial Services in Tulsa,2095,190,22,21,0,2,False,True
city,tuscaloosa-al,https://www.creditdoc.co/city/tuscaloosa-al/,"Credit Repair & Financial Services in Tuscaloosa, AL (2026)",Credit Repair & Financial Services in Tuscaloosa,1666,177,14,21,0,0,False,True
city,tyler-tx,https://www.creditdoc.co/city/tyler-tx/,"Credit Repair & Financial Services in Tyler, TX (2026)",Credit Repair & Financial Services in Tyler,1480,175,12,21,0,0,False,True
city,union-city-nj,https://www.creditdoc.co/city/union-city-nj/,"Credit Repair & Financial Services in Union City, NJ (2026)",Credit Repair & Financial Services in Union City,1945,186,18,21,0,1,False,True
city,universal-city-tx,https://www.creditdoc.co/city/universal-city-tx/,"Credit Repair & Financial Services in Universal City, TX",Credit Repair & Financial Services in Universal City,1468,173,10,21,0,0,False,True
city,valdosta-ga,https://www.creditdoc.co/city/valdosta-ga/,"Credit Repair & Financial Services in Valdosta, GA (2026)",Credit Repair & Financial Services in Valdosta,1515,173,12,21,0,0,False,True
city,van-nuys-ca,https://www.creditdoc.co/city/van-nuys-ca/,"Credit Repair & Financial Services in Van Nuys, CA (2026)",Credit Repair & Financial Services in Van Nuys,1908,180,17,21,0,0,False,True
city,vernon-ca,https://www.creditdoc.co/city/vernon-ca/,"Credit Repair & Financial Services in Vernon, CA (2026)",Credit Repair & Financial Services in Vernon,1417,170,10,21,0,1,False,True
city,virginia-beach-va,https://www.creditdoc.co/city/virginia-beach-va/,"Credit Repair & Financial Services in Virginia Beach, VA",Credit Repair & Financial Services in Virginia Beach,2851,205,31,21,0,4,False,True
city,vista-ca,https://www.creditdoc.co/city/vista-ca/,"Credit Repair & Financial Services in Vista, CA (2026)",Credit Repair & Financial Services in Vista,1695,178,10,21,0,0,False,True
city,waco-tx,https://www.creditdoc.co/city/waco-tx/,"Credit Repair & Financial Services in Waco, TX (2026)",Credit Repair & Financial Services in Waco,1727,180,13,21,0,1,False,True
city,walnut-creek-ca,https://www.creditdoc.co/city/walnut-creek-ca/,"Credit Repair & Financial Services in Walnut Creek, CA",Credit Repair & Financial Services in Walnut Creek,1453,173,10,21,0,0,False,True
city,warr-acres-ok,https://www.creditdoc.co/city/warr-acres-ok/,"Credit Repair & Financial Services in Warr Acres, OK (2026)",Credit Repair & Financial Services in Warr Acres,1552,175,12,21,0,0,False,True
city,warren-mi,https://www.creditdoc.co/city/warren-mi/,"Credit Repair & Financial Services in Warren, MI (2026)",Credit Repair & Financial Services in Warren,1733,182,14,21,0,0,False,True
city,washington-pa,https://www.creditdoc.co/city/washington-pa/,"Credit Repair & Financial Services in Washington, PA (2026)",Credit Repair & Financial Services in Washington,1538,175,12,21,0,0,False,True
city,waukesha-wi,https://www.creditdoc.co/city/waukesha-wi/,"Credit Repair & Financial Services in Waukesha, WI (2026)",Credit Repair & Financial Services in Waukesha,1422,173,10,21,0,0,False,True
city,wausau-wi,https://www.creditdoc.co/city/wausau-wi/,"Credit Repair & Financial Services in Wausau, WI (2026)",Credit Repair & Financial Services in Wausau,1498,173,12,21,0,0,False,True
city,wauwatosa-wi,https://www.creditdoc.co/city/wauwatosa-wi/,"Credit Repair & Financial Services in Wauwatosa, WI (2026)",Credit Repair & Financial Services in Wauwatosa,1418,173,6,21,0,0,False,True
city,west-allis-wi,https://www.creditdoc.co/city/west-allis-wi/,"Credit Repair & Financial Services in West Allis, WI (2026)",Credit Repair & Financial Services in West Allis,1577,178,10,21,0,0,False,True
city,west-des-moines-ia,https://www.creditdoc.co/city/west-des-moines-ia/,"Credit Repair & Financial Services in West Des Moines, IA",Credit Repair & Financial Services in West Des Moines,1493,172,12,21,0,1,False,True
city,west-memphis-ar,https://www.creditdoc.co/city/west-memphis-ar/,"Credit Repair & Financial Services in West Memphis, AR",Credit Repair & Financial Services in West Memphis,1427,173,10,21,0,0,False,True
city,west-new-york-nj,https://www.creditdoc.co/city/west-new-york-nj/,"Credit Repair & Financial Services in West New York, NJ",Credit Repair & Financial Services in West New York,1653,178,8,21,0,1,False,True
city,west-palm-beach-fl,https://www.creditdoc.co/city/west-palm-beach-fl/,"Credit Repair & Financial Services in West Palm Beach, FL",Credit Repair & Financial Services in West Palm Beach,1627,175,12,21,0,0,False,True
city,west-sacramento-ca,https://www.creditdoc.co/city/west-sacramento-ca/,"Credit Repair & Financial Services in West Sacramento, CA",Credit Repair & Financial Services in West Sacramento,1402,171,10,21,0,0,False,True
city,westland-mi,https://www.creditdoc.co/city/westland-mi/,"Credit Repair & Financial Services in Westland, MI (2026)",Credit Repair & Financial Services in Westland,1446,171,10,21,0,0,False,True
city,westminster-co,https://www.creditdoc.co/city/westminster-co/,"Credit Repair & Financial Services in Westminster, CO (2026)",Credit Repair & Financial Services in Westminster,1625,181,9,21,0,0,False,True
city,wichita-ks,https://www.creditdoc.co/city/wichita-ks/,"Credit Repair & Financial Services in Wichita, KS (2026)",Credit Repair & Financial Services in Wichita,1705,179,15,21,0,1,False,True
city,wilmington-ca,https://www.creditdoc.co/city/wilmington-ca/,"Credit Repair & Financial Services in Wilmington, CA (2026)",Credit Repair & Financial Services in Wilmington,1387,173,8,21,0,0,False,True
city,wilmington-de,https://www.creditdoc.co/city/wilmington-de/,"Credit Repair & Financial Services in Wilmington, DE (2026)",Credit Repair & Financial Services in Wilmington,2289,192,21,21,0,3,False,True
city,winston-salem-nc,https://www.creditdoc.co/city/winston-salem-nc/,"Credit Repair & Financial Services in Winston Salem, NC",Credit Repair & Financial Services in Winston Salem,1457,173,10,21,0,0,False,True
city,winter-park-fl,https://www.creditdoc.co/city/winter-park-fl/,"Credit Repair & Financial Services in Winter Park, FL (2026)",Credit Repair & Financial Services in Winter Park,1651,181,10,21,0,0,False,True
city,worcester-ma,https://www.creditdoc.co/city/worcester-ma/,"Credit Repair & Financial Services in Worcester, MA (2026)",Credit Repair & Financial Services in Worcester,1434,173,10,21,0,0,False,True
city,youngstown-oh,https://www.creditdoc.co/city/youngstown-oh/,"Credit Repair & Financial Services in Youngstown, OH (2026)",Credit Repair & Financial Services in Youngstown,1532,175,12,21,0,0,False,True
